song,artist,album_cover_url
"""Slut!"" (Taylor'S Version) (From The Vault)",Taylor Swift,https://i.scdn.co/image/ab67616d0000b2735cc1de8fa9b7c2f27af04958
(Don'T Fear) The Reaper,Blue Öyster Cult,https://i.scdn.co/image/ab67616d0000b2733ac318439ae56ce048d7bf5d
(There'S No Place Like) Home For The Holidays - 1959 Version,Perry Como,https://i.scdn.co/image/ab67616d0000b2738b73946056c94e40928046cb
16 Carriages,Beyoncé,https://i.scdn.co/image/ab67616d0000b273f5220893852002a2a3078bab
2 Hands,Tate Mcrae,https://i.scdn.co/image/ab67616d0000b2733b53b3afd0c28613b964769e
28,Zach Bryan,https://i.scdn.co/image/ab67616d0000b273647ad18a07e9e939e399e5a1
3001,J. Cole,https://i.scdn.co/image/ab67616d0000b273b5e99d6177971707e6cd04f5
360,Charli Xcx,https://i.scdn.co/image/ab67616d0000b27388e3822cccfb8f2832c70c2e
3D (Feat. Jack Harlow),"Jack Harlow, Jung Kook",https://i.scdn.co/image/ab67616d0000b273409a2d7bd4b2238e4aaa7bf5
500Lbs,Lil Tecca,https://i.scdn.co/image/ab67616d0000b273c4e6adea69105e6b6e214b96
505,Arctic Monkeys,https://i.scdn.co/image/ab67616d0000b273b1f8da74f225fa1225cdface
57,"Dfzm, Feid, Karol G",https://i.scdn.co/image/ab67616d0000b27387b21ca2759eef29c30dff00
7 Minute Drill,J. Cole,https://i.scdn.co/image/ab67616d0000b273b5e99d6177971707e6cd04f5
7969 Santa,Drake,https://i.scdn.co/image/ab67616d0000b273931aeb0d63b3e45425bd7310
8Am In Charlotte,Drake,https://i.scdn.co/image/ab67616d0000b273931aeb0d63b3e45425bd7310
A Bar Song (Tipsy),Shaboozey,https://i.scdn.co/image/ab67616d0000b27380d86d636244b72a3a1eede2
A Holly Jolly Christmas,Burl Ives,https://i.scdn.co/image/ab67616d0000b273efe2a536761d4f8e8401ae62
A Night To Remember,"Beabadoobee, Laufey",https://i.scdn.co/image/ab67616d0000b27303ea1900840b8804f779f7b3
Abracadabra (Feat. Travis Scott),Young Thug,https://i.scdn.co/image/ab67616d0000b273777850f1e77fd525fc6a782f
Acho Pr,Bad Bunny,https://i.scdn.co/image/ab67616d0000b2737b1fc51ff3257b5286a1ecec
Act Ii: Date @ 8,4Batz,https://i.scdn.co/image/ab67616d0000b273aa22e6a9258dcc425a4a5019
Act Ii: Date @ 8 (Feat. Drake) - Remix,"4Batz, Drake",https://i.scdn.co/image/ab67616d0000b273612543615ab7c221057cbf10
Adivino,"Bad Bunny, Myke Towers",https://i.scdn.co/image/ab67616d0000b273b41f34aa51be675c5cfd3d94
Agora Hills,Doja Cat,https://i.scdn.co/image/ab67616d0000b273a840032f14ab22da396e43cb
Ain'T No Love,"Future, Metro Boomin",https://i.scdn.co/image/ab67616d0000b273a46b07c291e6dfdee13b3ee8
Ain'T No Love In Oklahoma (From Twisters: The Album),Luke Combs,https://i.scdn.co/image/ab67616d0000b2736d3ae3fef242d973449211f6
Ain'T No Mountain High Enough,"Marvin Gaye, Tammi Terrell",https://i.scdn.co/image/ab67616d0000b2739173e50e99bdea2400222f02
Ain'T No Sunshine,Bill Withers,https://i.scdn.co/image/ab67616d0000b273e1e350d06ffebd2e19e047ce
All Alone,Lil Uzi Vert,https://i.scdn.co/image/ab67616d0000b273a0e7694a73abed7372474d69
All I Want For Christmas Is You,Mariah Carey,https://i.scdn.co/image/ab67616d0000b2734246e3158421f5abb75abc4f
All My Life (Feat. J. Cole),"J. Cole, Lil Durk",https://i.scdn.co/image/ab67616d0000b2737c173b0dc64913d4635e3594
All Of Me,21 Savage,https://i.scdn.co/image/ab67616d0000b273bbdceba2bf1867d4966d0347
All Red,Playboi Carti,https://i.scdn.co/image/ab67616d0000b273ca15942c726ec9c39796435e
All Summer Long,Kid Rock,https://i.scdn.co/image/ab67616d0000b273a3473085a2a48547a5c290a8
All The Parties (Feat. Chief Keef),Drake,https://i.scdn.co/image/ab67616d0000b273931aeb0d63b3e45425bd7310
All The Stars (With Sza),"Kendrick Lamar, Sza",https://i.scdn.co/image/ab67616d0000b273c027ad28821777b00dcaa888
"All The Way Live (Spider-Man: Across The Spider-Verse) (Metro Boomin & Future, Lil Uzi Vert)",Metro Boomin,https://i.scdn.co/image/ab67616d0000b2736ed9aef791159496b286179f
All You Had To Do Was Stay (Taylor'S Version),Taylor Swift,https://i.scdn.co/image/ab67616d0000b2735cc1de8fa9b7c2f27af04958
All-American Bitch,Olivia Rodrigo,https://i.scdn.co/image/ab67616d0000b273e85259a1cae29a8d91f2093d
Alliigator Tears,Beyoncé,https://i.scdn.co/image/ab67616d0000b2737d673fc006936df22215aee1
"Am I Dreaming (Metro Boomin & A$Ap Rocky, Roisee)",Metro Boomin,https://i.scdn.co/image/ab67616d0000b2736ed9aef791159496b286179f
Amen (Feat. Teezo Touchdown),Drake,https://i.scdn.co/image/ab67616d0000b273931aeb0d63b3e45425bd7310
America Has A Problem (Feat. Kendrick Lamar),"Beyoncé, Kendrick Lamar",https://i.scdn.co/image/ab67616d0000b27378643be90cd7c5ec75675855
American Girl,Tom Petty And The Heartbreakers,https://i.scdn.co/image/ab67616d0000b2737e42a53ea7f2ad4f36ab23a5
American Kids,Kenny Chesney,https://i.scdn.co/image/ab67616d0000b2730dafd3fe4c2795f4ffb5a2ea
American Nights,Zach Bryan,https://i.scdn.co/image/ab67616d0000b273647ad18a07e9e939e399e5a1
American Pie,Don Mclean,https://i.scdn.co/image/ab67616d0000b2730085dd4362653ef4c54ebbeb
Ameriican Requiem,Beyoncé,https://i.scdn.co/image/ab67616d0000b2737d673fc006936df22215aee1
Amg,"Gabito Ballesteros, Natanael Cano, Peso Pluma",https://i.scdn.co/image/ab67616d0000b273fbf10e7799f39fbcd301e55a
Amped,Lil Uzi Vert,https://i.scdn.co/image/ab67616d0000b273a0e7694a73abed7372474d69
"Annihilate (Spider-Man: Across The Spider-Verse) (Metro Boomin & Swae Lee, Lil Wayne, Offset)",Metro Boomin,https://i.scdn.co/image/ab67616d0000b2736ed9aef791159496b286179f
Another Late Night (Feat. Lil Yachty),Drake,https://i.scdn.co/image/ab67616d0000b273931aeb0d63b3e45425bd7310
Anthem Part 3,Blink-182,https://i.scdn.co/image/ab67616d0000b27303e4cf0d29d2205b6abd5f11
Anti-Hero,Taylor Swift,https://i.scdn.co/image/ab67616d0000b273bb54dde68cd23e2a268ae0f5
Antichrist,Eminem,https://i.scdn.co/image/ab67616d0000b2731633c43b5695735f7de36487
Apple,Charli Xcx,https://i.scdn.co/image/ab67616d0000b27388e3822cccfb8f2832c70c2e
Apt.,"Bruno Mars, Rosé",https://i.scdn.co/image/ab67616d0000b273f8c8297efc6022534f1357e1
Aquí Te Espero,Ivan Cornejo,https://i.scdn.co/image/ab67616d0000b273a6fdbf2cea417b75c23577b4
Are You Gone Already,Nicki Minaj,https://i.scdn.co/image/ab67616d0000b273651e1dbc0b5218f2306181a1
Area Codes,"Kali, Kaliii",https://i.scdn.co/image/ab67616d0000b27333a8cd9ae03bc913e6e5af11
As Good As I Once Was,Toby Keith,https://i.scdn.co/image/ab67616d0000b273608370238c487e505e961d15
As It Was,Harry Styles,https://i.scdn.co/image/ab67616d0000b2732e8ed79e177ff6011076f5f0
Attention,Doja Cat,https://i.scdn.co/image/ab67616d0000b27324b893fb9e7953ebc9517c6a
Attitude (Feat. Charlie Wilson & Cash Cobain),Don Toliver,https://i.scdn.co/image/ab67616d0000b273c800e1a4a237cf8f085183c5
August,Taylor Swift,https://i.scdn.co/image/ab67616d0000b27395f754318336a07e85ec59bc
Austin,Dasha,https://i.scdn.co/image/ab67616d0000b27376acb5f3e32a3f2485f79f95
Austin (Boots Stop Workin'),Dasha,https://i.scdn.co/image/ab67616d0000b2734ccf88b66e04cfd247f287eb
Away From Home,Drake,https://i.scdn.co/image/ab67616d0000b273931aeb0d63b3e45425bd7310
Aye (Feat. Travis Scott),Lil Uzi Vert,https://i.scdn.co/image/ab67616d0000b273a0e7694a73abed7372474d69
Baby Nueva,Bad Bunny,https://i.scdn.co/image/ab67616d0000b2737b1fc51ff3257b5286a1ecec
Baby Please,Ivan Cornejo,https://i.scdn.co/image/ab67616d0000b273e3ad1f7aff7de8cccde3db73
"Baby, It'S Cold Outside",Dean Martin,https://i.scdn.co/image/ab67616d0000b2736d88028a85c771f37374c8ea
Back At It,Gunna,https://i.scdn.co/image/ab67616d0000b273017d5e26552345c4b1575b6c
Back To December (Taylor'S Version),Taylor Swift,https://i.scdn.co/image/ab67616d0000b2730b04da4f224b51ff86e0a481
Back To Me,"Kanye West, Ty Dolla $Ign, ¥$",https://i.scdn.co/image/ab67616d0000b2735f4d67e6c3d62045e72d3775
Back To The Moon,Gunna,https://i.scdn.co/image/ab67616d0000b273017d5e26552345c4b1575b6c
Bad Blood (Feat. Kendrick Lamar) (Taylor'S Version),Taylor Swift,https://i.scdn.co/image/ab67616d0000b273612fb31cf6802a4704388cbf
Bad Blood (Taylor'S Version),Taylor Swift,https://i.scdn.co/image/ab67616d0000b2735cc1de8fa9b7c2f27af04958
Bad Habit,Steve Lacy,https://i.scdn.co/image/ab67616d0000b27368968350c2550e36d96344ee
Bad Idea Right?,Olivia Rodrigo,https://i.scdn.co/image/ab67616d0000b2738bfab8d577ad17a7b74d9f5f
Bad One,Eminem,https://i.scdn.co/image/ab67616d0000b2731633c43b5695735f7de36487
Bahamas Promises,Drake,https://i.scdn.co/image/ab67616d0000b273931aeb0d63b3e45425bd7310
Ballad Of A Homeschooled Girl,Olivia Rodrigo,https://i.scdn.co/image/ab67616d0000b273e85259a1cae29a8d91f2093d
Balloon (Feat. Doechii),"Tyler, The Creator",https://i.scdn.co/image/ab67616d0000b273232374a6a869e62826f3f1f7
Band4Band (Feat. Lil Baby),"Central Cee, Lil Baby",https://i.scdn.co/image/ab67616d0000b2737b588bf0555bde606f8b27c7
Bandit,Don Toliver,https://i.scdn.co/image/ab67616d0000b273a149905378aeccdfcc04aa80
Barbie Dangerous,Nicki Minaj,https://i.scdn.co/image/ab67616d0000b273651e1dbc0b5218f2306181a1
Barbie World (With Aqua) [From Barbie The Album],"Aqua, Ice Spice, Nicki Minaj",https://i.scdn.co/image/ab67616d0000b2737e8f938c02fac3b564931116
Baticano,Bad Bunny,https://i.scdn.co/image/ab67616d0000b2737b1fc51ff3257b5286a1ecec
Bbl Love - Interlude,Drake,https://i.scdn.co/image/ab67616d0000b273931aeb0d63b3e45425bd7310
Beautiful Things,Benson Boone,https://i.scdn.co/image/ab67616d0000b273f2a919d3fa0f2b2593c92d19
Bed Chem,Sabrina Carpenter,https://i.scdn.co/image/ab67616d0000b273208dc3669313f2c5114c612d
Beep Beep,Nicki Minaj,https://i.scdn.co/image/ab67616d0000b273651e1dbc0b5218f2306181a1
Beer For My Horses,Toby Keith,https://i.scdn.co/image/ab67616d0000b273bb5c54a68f9ce31f83b98de4
Beg Forgiveness,"Kanye West, Ty Dolla $Ign, ¥$",https://i.scdn.co/image/ab67616d0000b2735f4d67e6c3d62045e72d3775
Bellakeo,"Anitta, Peso Pluma",https://i.scdn.co/image/ab67616d0000b2736601556a0f7c0b54ded13c9d
Belong Together,Mark Ambor,https://i.scdn.co/image/ab67616d0000b273ed71b8008aaa879622f8c3b5
Best Interest,"Tyler, The Creator",https://i.scdn.co/image/ab67616d0000b273ab8995f18dc3dd9f34a6acd4
Better Days (Feat. John Mayer),Zach Bryan,https://i.scdn.co/image/ab67616d0000b273647ad18a07e9e939e399e5a1
Better Than Revenge (Taylor'S Version),Taylor Swift,https://i.scdn.co/image/ab67616d0000b2730b04da4f224b51ff86e0a481
Big Dawgs,"Hanumankind, Kalmi",https://i.scdn.co/image/ab67616d0000b273d9afe5c70c43cb2bd34605ea
Big Difference,Nicki Minaj,https://i.scdn.co/image/ab67616d0000b273651e1dbc0b5218f2306181a1
Big Foot,Nicki Minaj,https://i.scdn.co/image/ab67616d0000b2738e2c1dc6d7d82f966aa11922
Birds Of A Feather,Billie Eilish,https://i.scdn.co/image/ab67616d0000b27371d62ea7ea8a5be92d3c1f62
Bittersuite,Billie Eilish,https://i.scdn.co/image/ab67616d0000b27371d62ea7ea8a5be92d3c1f62
Blackbiird,Beyoncé,https://i.scdn.co/image/ab67616d0000b2737d673fc006936df22215aee1
Blank Space,Taylor Swift,https://i.scdn.co/image/ab67616d0000b2739abdf14e6058bd3903686148
Blank Space (Taylor'S Version),Taylor Swift,https://i.scdn.co/image/ab67616d0000b2735cc1de8fa9b7c2f27af04958
Blinding Lights,The Weeknd,https://i.scdn.co/image/ab67616d0000b2738863bc11d2aa12b54f5aeb36
Bloody Mary,Lady Gaga,https://i.scdn.co/image/ab67616d0000b273a47c0e156ea3cebe37fdcab8
Blue,Billie Eilish,https://i.scdn.co/image/ab67616d0000b27371d62ea7ea8a5be92d3c1f62
Blue Christmas,Elvis Presley,https://i.scdn.co/image/ab67616d0000b273aa509be2dd24fb6c753cf292
Bodyguard,Beyoncé,https://i.scdn.co/image/ab67616d0000b273d9e3a369022053e02b4db2a2
Bongos (Feat. Megan Thee Stallion),"Cardi B, Megan Thee Stallion",https://i.scdn.co/image/ab67616d0000b273c4bcdce05e247cef2eed06ac
Boons,Zach Bryan,https://i.scdn.co/image/ab67616d0000b273647ad18a07e9e939e399e5a1
Born In The U.S.A.,Bruce Springsteen,https://i.scdn.co/image/ab67616d0000b273a7865e686c36a4adda6c9978
Boy'S A Liar Pt. 2,"Ice Spice, Pinkpantheress",https://i.scdn.co/image/ab67616d0000b27342c5ba689b2e7cbc208a8fa7
Boys Of Faith (Feat. Bon Iver),"Bon Iver, Zach Bryan",https://i.scdn.co/image/ab67616d0000b27397be145c0ed84ae353ee3043
Brand New Dance,Eminem,https://i.scdn.co/image/ab67616d0000b2731633c43b5695735f7de36487
Breaking News - Skit,Eminem,https://i.scdn.co/image/ab67616d0000b2731633c43b5695735f7de36487
Breathe,Yeat,https://i.scdn.co/image/ab67616d0000b2739567b80f50a5b9f0178ae993
Brother Stone (Feat. Kodak Black),Don Toliver,https://i.scdn.co/image/ab67616d0000b273c800e1a4a237cf8f085183c5
Brown Eyed Girl,Van Morrison,https://i.scdn.co/image/ab67616d0000b2733f29a976eea00141514ab936
Burn,"Kanye West, Ty Dolla $Ign, ¥$",https://i.scdn.co/image/ab67616d0000b2735f4d67e6c3d62045e72d3775
But Daddy I Love Him,Taylor Swift,https://i.scdn.co/image/ab67616d0000b2735076e4160d018e378f488c33
Bye,"Ariana Grande, Peso Pluma",https://i.scdn.co/image/ab67616d0000b27310c8a001a18fd9f1b3552a9d
Bye Bye Bye - From Deadpool And Wolverine Soundtrack,*Nsync,https://i.scdn.co/image/ab67616d0000b273a6cb8fab778e1efc406a5909
California Sober (Feat. Chris Stapleton),Post Malone,https://i.scdn.co/image/ab67616d0000b27388208159b1b3c69eefdeb2e0
Call Your Friends,Rod Wave,https://i.scdn.co/image/ab67616d0000b273fa70e6c804ef13cc249f860c
Call Your Mom,Noah Kahan,https://i.scdn.co/image/ab67616d0000b27365a472d8326d4571bf725422
"Calling (Spider-Man: Across The Spider-Verse) (Metro Boomin & Swae Lee, Nav, Feat. A Boogie Wit Da Hoodie)",Metro Boomin,https://i.scdn.co/image/ab67616d0000b2736ed9aef791159496b286179f
Calling For You (Feat. 21 Savage),Drake,https://i.scdn.co/image/ab67616d0000b273931aeb0d63b3e45425bd7310
Calm Down (With Selena Gomez),Rema,https://i.scdn.co/image/ab67616d0000b273963265801aa5c9740ad159b7
Can’T Catch Me Now - From The Hunger Games: The Ballad Of Songbirds & Snakes,"Flatland Cavalry, Olivia Rodrigo, Rachel Zegler",https://i.scdn.co/image/ab67616d0000b27303048c76bec2bdfa92703a5a
Cardigan,Taylor Swift,https://i.scdn.co/image/ab67616d0000b27395f754318336a07e85ec59bc
Carnival,"Kanye West, Ty Dolla $Ign, ¥$",https://i.scdn.co/image/ab67616d0000b2735f4d67e6c3d62045e72d3775
Cars Bring Me Out (Feat. Future),Young Thug,https://i.scdn.co/image/ab67616d0000b273777850f1e77fd525fc6a782f
Cassandra,Taylor Swift,https://i.scdn.co/image/ab67616d0000b2738ecc33f195df6aa257c39eaa
Castles Crumbling (Feat. Hayley Williams) (Taylor’S Version) (From The Vault),Taylor Swift,https://i.scdn.co/image/ab67616d0000b2730b04da4f224b51ff86e0a481
Casual,Chappell Roan,https://i.scdn.co/image/ab67616d0000b27396fa88fb1789be437d5cb4b6
"Changes In Latitudes, Changes In Attitudes",Jimmy Buffett,https://i.scdn.co/image/ab67616d0000b2734fdb0337978c7464cdfb1783
Cheeseburger In Paradise,Jimmy Buffett,https://i.scdn.co/image/ab67616d0000b273b065002ec760593ec9dbe305
Chemical,Post Malone,https://i.scdn.co/image/ab67616d0000b273f76f8deeba5370c98ad38f1c
Chicken Fried,Zac Brown Band,https://i.scdn.co/image/ab67616d0000b27322e4168b05eee8ad21209425
Chihiro,Billie Eilish,https://i.scdn.co/image/ab67616d0000b27371d62ea7ea8a5be92d3c1f62
Chill Bae,Lil Uzi Vert,https://i.scdn.co/image/ab67616d0000b2730e4e16d910115fead3e83496
Chloe Or Sam Or Sophia Or Marcus,Taylor Swift,https://i.scdn.co/image/ab67616d0000b2738ecc33f195df6aa257c39eaa
Christmas (Baby Please Come Home),"Darlene Love, Mariah Carey",https://i.scdn.co/image/ab67616d0000b2734bd42504ca3569f71af64fc8
Christmas Time Is Here,Vince Guaraldi Trio,https://i.scdn.co/image/ab67616d0000b273a1c6bc83f5404947ffb87891
Christmas Tree Farm,Taylor Swift,https://i.scdn.co/image/ab67616d0000b273b550071a3fa8e03f6a83f313
Cinderella,"Future, Metro Boomin",https://i.scdn.co/image/ab67616d0000b273a46b07c291e6dfdee13b3ee8
Circus Maximus,Travis Scott,https://i.scdn.co/image/ab67616d0000b273881d8d8378cd01099babcd44
Circus Maximus (Feat. The Weeknd & Swae Lee),Travis Scott,https://i.scdn.co/image/ab67616d0000b273881d8d8378cd01099babcd44
Clara Bow,Taylor Swift,https://i.scdn.co/image/ab67616d0000b2735076e4160d018e378f488c33
Claustrophobic,"Future, Metro Boomin",https://i.scdn.co/image/ab67616d0000b273a46b07c291e6dfdee13b3ee8
Clean (Taylor'S Version),Taylor Swift,https://i.scdn.co/image/ab67616d0000b2735cc1de8fa9b7c2f27af04958
Close To You,Gracie Abrams,https://i.scdn.co/image/ab67616d0000b27305120ec42445d23764388857
Clouded,Brent Faiyaz,https://i.scdn.co/image/ab67616d0000b2736a463f436bbf07f3c9e8c62a
Cobra,Megan Thee Stallion,https://i.scdn.co/image/ab67616d0000b27378fcaabce25281cca2f4f1a5
Coincidence,Sabrina Carpenter,https://i.scdn.co/image/ab67616d0000b273208dc3669313f2c5114c612d
Come Monday,Jimmy Buffett,https://i.scdn.co/image/ab67616d0000b2730fbb27d908c9b2de1bb5d321
Cool With You,Newjeans,https://i.scdn.co/image/ab67616d0000b2730744690248ef3ba7b776ea7b
Corazón De Piedra,Xavi,https://i.scdn.co/image/ab67616d0000b273572e681dcdb302d7625b08c7
"Courtesy Of The Red, White And Blue (The Angry American)",Toby Keith,https://i.scdn.co/image/ab67616d0000b273bb5c54a68f9ce31f83b98de4
Cowgirls (Feat. Ernest),Morgan Wallen,https://i.scdn.co/image/ab67616d0000b273705079df9a25a28b452c1fc9
Creepin' (With The Weeknd & 21 Savage),Metro Boomin,https://i.scdn.co/image/ab67616d0000b27313e54d6687e65678d60466c2
Crocodile Tearz,J. Cole,https://i.scdn.co/image/ab67616d0000b273b5e99d6177971707e6cd04f5
Cruel Summer,Taylor Swift,https://i.scdn.co/image/ab67616d0000b273e787cffec20aa2a396a61647
Cruel Summer - Live From Ts | The Eras Tour,Taylor Swift,https://i.scdn.co/image/ab67616d0000b273f669b4e7f0327c92909bc762
Crush Em,Lil Uzi Vert,https://i.scdn.co/image/ab67616d0000b273a0e7694a73abed7372474d69
Cry,Benson Boone,https://i.scdn.co/image/ab67616d0000b273cc04ff3e70e146ba9abacf40
Cs,Lil Uzi Vert,https://i.scdn.co/image/ab67616d0000b273644ef53fe49b7e71eed1689b
Cupid - Twin Ver.,Fifty Fifty,https://i.scdn.co/image/ab67616d0000b27337c0b3670236c067c8e8bbcb
Cybertruck,Bad Bunny,https://i.scdn.co/image/ab67616d0000b2737b1fc51ff3257b5286a1ecec
Dance The Night (From Barbie The Album),Dua Lipa,https://i.scdn.co/image/ab67616d0000b2737dd3ba455ee3390cb55b0192
Dance The Night - From Barbie The Album,Dua Lipa,https://i.scdn.co/image/ab67616d0000b2737dd3ba455ee3390cb55b0192
Dancing In The Flames,The Weeknd,https://i.scdn.co/image/ab67616d0000b273f0e9b93cadbeb4d0227a59eb
Danger (Spider) (Offset & Jid),Metro Boomin,https://i.scdn.co/image/ab67616d0000b2736ed9aef791159496b286179f
Dangerous,21 Savage,https://i.scdn.co/image/ab67616d0000b273bbdceba2bf1867d4966d0347
Dark Red,Steve Lacy,https://i.scdn.co/image/ab67616d0000b2733d2dfa42f771cd458b194979
"Darling, I (Feat. Teezo Touchdown)","Tyler, The Creator",https://i.scdn.co/image/ab67616d0000b273232374a6a869e62826f3f1f7
Daughter,Beyoncé,https://i.scdn.co/image/ab67616d0000b2737d673fc006936df22215aee1
Dawns (Feat. Maggie Rogers),"Maggie Rogers, Zach Bryan",https://i.scdn.co/image/ab67616d0000b273a0a916db0206cc4d773f9013
Daylight,"David Kushner, Drake",https://i.scdn.co/image/ab67616d0000b27395ca6a9b4083a86c149934ae
Days Come And Go,Lil Uzi Vert,https://i.scdn.co/image/ab67616d0000b273a0e7694a73abed7372474d69
Dead Or Alive,Lil Tecca,https://i.scdn.co/image/ab67616d0000b273c4e6adea69105e6b6e214b96
Dear John (Taylor'S Version),Taylor Swift,https://i.scdn.co/image/ab67616d0000b2730b04da4f224b51ff86e0a481
Deck The Hall,Nat King Cole,https://i.scdn.co/image/ab67616d0000b27330dc6027fd140c7ba68e900c
Deck The Halls,Nat King Cole,https://i.scdn.co/image/ab67616d0000b27330dc6027fd140c7ba68e900c
Deep Satin,Zach Bryan,https://i.scdn.co/image/ab67616d0000b2732ebcfb3e92f937a1a4cc16f0
Deeper Well,Kacey Musgraves,https://i.scdn.co/image/ab67616d0000b27393b05c15358c25698086da89
Defying Gravity,"Ariana Grande, Cynthia Erivo, Wicked Movie Cast",https://i.scdn.co/image/ab67616d0000b27341ded89391c5350f6b8f991c
Deli,Ice Spice,https://i.scdn.co/image/ab67616d0000b2733a696fc544995ab8d0d6765f
Delresto (Echoes),Travis Scott,https://i.scdn.co/image/ab67616d0000b273881d8d8378cd01099babcd44
Delresto (Echoes) (Feat. Beyoncé),Travis Scott,https://i.scdn.co/image/ab67616d0000b273881d8d8378cd01099babcd44
Demons,Doja Cat,https://i.scdn.co/image/ab67616d0000b273d5fe37ec6d8f78ffc5437859
Desert Eagle,Beyoncé,https://i.scdn.co/image/ab67616d0000b2737d673fc006936df22215aee1
Devil I'Ve Been (Feat. Ernest),Post Malone,https://i.scdn.co/image/ab67616d0000b27388208159b1b3c69eefdeb2e0
Devil Is A Lie,Tommy Richman,https://i.scdn.co/image/ab67616d0000b273f1708ceacc5e678619364239
Dial Drunk,Noah Kahan,https://i.scdn.co/image/ab67616d0000b27365a472d8326d4571bf725422
Dial Drunk (With Post Malone),"Noah Kahan, Post Malone",https://i.scdn.co/image/ab67616d0000b273f519f148d88bf65074b4a3a9
Did It First (With Central Cee),"Central Cee, Ice Spice",https://i.scdn.co/image/ab67616d0000b273dc9f83f20038d54b78c48aeb
Die For You,The Weeknd,https://i.scdn.co/image/ab67616d0000b273a048415db06a5b6fa7ec4e1a
Die With A Smile,"Bruno Mars, Lady Gaga",https://i.scdn.co/image/ab67616d0000b27382ea2e9e1858aa012c57cd45
Died And Came Back,Lil Uzi Vert,https://i.scdn.co/image/ab67616d0000b273a0e7694a73abed7372474d69
Diet Pepsi,Addison Rae,https://i.scdn.co/image/ab67616d0000b2734e5a5862355a5e953549292b
Disco,Surf Curse,https://i.scdn.co/image/ab67616d0000b273938fa1b1ee50acdc57396e2f
Disease,Lady Gaga,https://i.scdn.co/image/ab67616d0000b273465e58cfc2ee480a7d0ae59d
Disturbia,Rihanna,https://i.scdn.co/image/ab67616d0000b273f9f27162ab1ed45b8d7a7e98
Dj Got Us Fallin' In Love (Feat. Pitbull),Usher,https://i.scdn.co/image/ab67616d0000b27386b0c9728ad3ed338eaeea79
Do It,"Kanye West, Ty Dolla $Ign, ¥$",https://i.scdn.co/image/ab67616d0000b2735f4d67e6c3d62045e72d3775
Do They Know It'S Christmas? - 1984 Version,Band Aid,https://i.scdn.co/image/ab67616d0000b273d549b09f0264901929eaa6e8
Do You Hear What I Hear? - Remastered 2006,Bing Crosby,https://i.scdn.co/image/ab67616d0000b2737459a0913548d00ff4455259
Doctor (Work It Out) [Feat. Miley Cyrus],"Miley Cyrus, Pharrell Williams",https://i.scdn.co/image/ab67616d0000b2730b33baa98ef691f09bfa23a1
"Dodger Blue (Feat. Wallie The Sensei, Roddy Ricch, Siete7X)",Kendrick Lamar,https://i.scdn.co/image/ab67616d0000b27309d6ed214f03fbb663e46531
"Dodger Blue (Feat. Wallie The Sensei, Siete7X, Roddy Ricch)",Kendrick Lamar,https://i.scdn.co/image/ab67616d0000b273d9985092cd88bffd97653b58
"Dodger Blue (Feat. Wallie The Sensei, Siete7X, Roddy Ricch))",Kendrick Lamar,https://i.scdn.co/image/ab67616d0000b273d9985092cd88bffd97653b58
Don'T Understand,Post Malone,https://i.scdn.co/image/ab67616d0000b27371cae34ad5a39bdab78af13e
Don'T Wanna Break Up Again,Ariana Grande,https://i.scdn.co/image/ab67616d0000b2738b58d20f1b77295730db15b4
Don’T Blame Me,Taylor Swift,https://i.scdn.co/image/ab67616d0000b273da5d5aeeabacacc1263c0f4b
Don’T Smile,Sabrina Carpenter,https://i.scdn.co/image/ab67616d0000b273208dc3669313f2c5114c612d
Doomsday (With Juice Wrld & Cordae),"Cordae, Juice Wrld, Lyrical Lemonade",https://i.scdn.co/image/ab67616d0000b2737a5767f9da2c8a4265f035d4
Dos Días,Tito Double P,https://i.scdn.co/image/ab67616d0000b27347e9618ef7411438f9c9478b
Down Bad,Taylor Swift,https://i.scdn.co/image/ab67616d0000b2735076e4160d018e378f488c33
Dreams - 2004 Remaster,Fleetwood Mac,https://i.scdn.co/image/ab67616d0000b273e52a59a28efa4773dd2bfe1b
Drew A Picasso,Drake,https://i.scdn.co/image/ab67616d0000b273931aeb0d63b3e45425bd7310
Drugs You Should Try It,Travis Scott,https://i.scdn.co/image/ab67616d0000b2730fc93fe41791c5aa51ae9645
Dumb & Poetic,Sabrina Carpenter,https://i.scdn.co/image/ab67616d0000b273208dc3669313f2c5114c612d
East Side Of Sorrow,Zach Bryan,https://i.scdn.co/image/ab67616d0000b273e5a25ed08d1e7e0fbb440cef
El Azul,"Junior H, Peso Pluma",https://i.scdn.co/image/ab67616d0000b27333ed356efed99b158c4267c6
El Dorado,Zach Bryan,https://i.scdn.co/image/ab67616d0000b273e5a25ed08d1e7e0fbb440cef
El Gordo Trae El Mando,Chino Pacas,https://i.scdn.co/image/ab67616d0000b2733240b79491b0714245a4ec02
Electric Touch (Feat. Fall Out Boy) (Taylor’S Version) (From The Vault),Taylor Swift,https://i.scdn.co/image/ab67616d0000b2730b04da4f224b51ff86e0a481
Ella Baila Sola,Eslabon Armado,https://i.scdn.co/image/ab67616d0000b273dfddf1cb31b85a6d28b7d91f
Empire Now,Hozier,https://i.scdn.co/image/ab67616d0000b273a5aab55aa65e5f6bd19564a2
Enchanted,Taylor Swift,https://i.scdn.co/image/ab67616d0000b273e11a75a2f2ff39cec788a015
Enchanted (Taylor'S Version),Taylor Swift,https://i.scdn.co/image/ab67616d0000b2730b04da4f224b51ff86e0a481
End Of Beginning,Djo,https://i.scdn.co/image/ab67616d0000b273fddfffec51b4580acae727c1
Endless Fashion (Feat. Nicki Minaj),Lil Uzi Vert,https://i.scdn.co/image/ab67616d0000b273a0e7694a73abed7372474d69
Enough (Miami),Cardi B,https://i.scdn.co/image/ab67616d0000b273aca7c2e597b9e72708402db9
Enough Is Enough,Post Malone,https://i.scdn.co/image/ab67616d0000b27371cae34ad5a39bdab78af13e
Espresso,Sabrina Carpenter,https://i.scdn.co/image/ab67616d0000b273659cd4673230913b3918e0d5
Eta,Newjeans,https://i.scdn.co/image/ab67616d0000b2730744690248ef3ba7b776ea7b
Eternal Sunshine,Ariana Grande,https://i.scdn.co/image/ab67616d0000b273c75a14e746ffe2030e8cd5da
Euphoria,Kendrick Lamar,https://i.scdn.co/image/ab67616d0000b2737587213b1be294ac4000f648
Evergreen,"Richy Mitch, The Coal Miners",https://i.scdn.co/image/ab67616d0000b2731cc17bae5ee17cce117e198a
Everybody (Feat. Lil Uzi Vert),Nicki Minaj,https://i.scdn.co/image/ab67616d0000b273651e1dbc0b5218f2306181a1
Everyday Hustle,"Future, Metro Boomin",https://i.scdn.co/image/ab67616d0000b273a46b07c291e6dfdee13b3ee8
Evil,Eminem,https://i.scdn.co/image/ab67616d0000b2731633c43b5695735f7de36487
Evil Ways (Feat. J. Cole),Drake,https://i.scdn.co/image/ab67616d0000b273e286ee36b4015afa8832356a
Exes,Tate Mcrae,https://i.scdn.co/image/ab67616d0000b2733abcdf926da7799a87d36406
Fallin 4 U,Nicki Minaj,https://i.scdn.co/image/ab67616d0000b273651e1dbc0b5218f2306181a1
Family Matters,Drake,https://i.scdn.co/image/ab67616d0000b273a0ac23f4b446a7264e67bf0e
Fare Well,Hozier,https://i.scdn.co/image/ab67616d0000b273a5aab55aa65e5f6bd19564a2
Fast Car,Luke Combs,https://i.scdn.co/image/ab67616d0000b273ca650d3a95022e0490434ba1
Father Stretch My Hands Pt. 1,Kanye West,https://i.scdn.co/image/ab67616d0000b2732a7db835b912dc5014bd37f4
Favorite Song,Toosii,https://i.scdn.co/image/ab67616d0000b273083c41df2fbc4cf8c54c7858
Favorite Song (Feat. Future) [Toxic Version],"Future, Toosii",https://i.scdn.co/image/ab67616d0000b2736d86caa7e15603b31ce3968d
Fe!N,Travis Scott,https://i.scdn.co/image/ab67616d0000b273881d8d8378cd01099babcd44
Fe!N (Feat. Playboi Carti),Travis Scott,https://i.scdn.co/image/ab67616d0000b273881d8d8378cd01099babcd44
Fear And Friday'S,Zach Bryan,https://i.scdn.co/image/ab67616d0000b273e5a25ed08d1e7e0fbb440cef
Fear And Friday'S (Poem),Zach Bryan,https://i.scdn.co/image/ab67616d0000b273e5a25ed08d1e7e0fbb440cef
Fear Of Heights,Drake,https://i.scdn.co/image/ab67616d0000b273931aeb0d63b3e45425bd7310
Feather,Sabrina Carpenter,https://i.scdn.co/image/ab67616d0000b2730f45623be014a592a5815827
Feel It - From The Original Series “Invincible”,D4Vd,https://i.scdn.co/image/ab67616d0000b273a9da992c2ef398245027d654
Feliz Navidad,José Feliciano,https://i.scdn.co/image/ab67616d0000b273c8ac560f803bba4902f8bbc5
Femininomenon,Chappell Roan,https://i.scdn.co/image/ab67616d0000b27396fa88fb1789be437d5cb4b6
Fever,J. Cole,https://i.scdn.co/image/ab67616d0000b273b5e99d6177971707e6cd04f5
Field Trip,"Kanye West, Ty Dolla $Ign, ¥$",https://i.scdn.co/image/ab67616d0000b273b323e81b41c797a4784abc02
Fina,Bad Bunny,https://i.scdn.co/image/ab67616d0000b2737b1fc51ff3257b5286a1ecec
Finer Things (Feat. Hank Williams Jr.),Post Malone,https://i.scdn.co/image/ab67616d0000b27388208159b1b3c69eefdeb2e0
Fire Alarm,Lil Uzi Vert,https://i.scdn.co/image/ab67616d0000b273a0e7694a73abed7372474d69
Firework,Katy Perry,https://i.scdn.co/image/ab67616d0000b273d20c38f295039520d688a888
First Person Shooter (Feat. J. Cole),Drake,https://i.scdn.co/image/ab67616d0000b273931aeb0d63b3e45425bd7310
Five Nights At Freddy'S,The Living Tombstone,https://i.scdn.co/image/ab67616d0000b2733f753699bc7ef8a7945d8bb0
Flamenco,Beyoncé,https://i.scdn.co/image/ab67616d0000b2737d673fc006936df22215aee1
Flooded The Face,Lil Uzi Vert,https://i.scdn.co/image/ab67616d0000b273a0e7694a73abed7372474d69
Florida!!! (Feat. Florence + The Machine),Taylor Swift,https://i.scdn.co/image/ab67616d0000b2735076e4160d018e378f488c33
Flowers,Miley Cyrus,https://i.scdn.co/image/ab67616d0000b27358039b5147731b6e52202e46
Foolish One (Taylor’S Version) (From The Vault),Taylor Swift,https://i.scdn.co/image/ab67616d0000b2730b04da4f224b51ff86e0a481
Forever,Noah Kahan,https://i.scdn.co/image/ab67616d0000b273ba6fb0a7e6c53fb8faa96226
Fortnight (Feat. Post Malone),Taylor Swift,https://i.scdn.co/image/ab67616d0000b2735076e4160d018e378f488c33
Fortunate Son,Creedence Clearwater Revival,https://i.scdn.co/image/ab67616d0000b2739f39192f9f8ca1c90847b3e5
Fresh Out The Slammer,Taylor Swift,https://i.scdn.co/image/ab67616d0000b2735076e4160d018e378f488c33
Fried,"Kanye West, Ty Dolla $Ign, ¥$",https://i.scdn.co/image/ab67616d0000b273b323e81b41c797a4784abc02
Fried (She A Vibe),"Future, Metro Boomin",https://i.scdn.co/image/ab67616d0000b273a46b07c291e6dfdee13b3ee8
From The Start,Laufey,https://i.scdn.co/image/ab67616d0000b27310ee65ae464018c19c8e8ab4
Ftcu,Nicki Minaj,https://i.scdn.co/image/ab67616d0000b273651e1dbc0b5218f2306181a1
Fuel,Eminem,https://i.scdn.co/image/ab67616d0000b2731633c43b5695735f7de36487
Fuk Sumn,"Kanye West, Ty Dolla $Ign, ¥$",https://i.scdn.co/image/ab67616d0000b2735f4d67e6c3d62045e72d3775
Fukumean,Gunna,https://i.scdn.co/image/ab67616d0000b273017d5e26552345c4b1575b6c
Gata Only,"Cris Mj, Floyymenor",https://i.scdn.co/image/ab67616d0000b2731d0777b3259d0bd618f4a1f6
Gata Only (Mashup),Dj Agus Lima,https://i.scdn.co/image/ab67616d0000b273068b0fa042dbfc8a9cbdfccd
Gently (Feat. Bad Bunny),Drake,https://i.scdn.co/image/ab67616d0000b273931aeb0d63b3e45425bd7310
Get Him Back!,Olivia Rodrigo,https://i.scdn.co/image/ab67616d0000b273e85259a1cae29a8d91f2093d
Get It Sexyy,Sexyy Red,https://i.scdn.co/image/ab67616d0000b273422237a4122460c2fa99c135
Ghostbusters,"Ray Parker Jr., Various Artists",https://i.scdn.co/image/ab67616d0000b273aed4808eac27b70ba532f0e4
Girl I’Ve Always Been,Olivia Rodrigo,https://i.scdn.co/image/ab67616d0000b2734063d624ebf8ff67bc3701ee
Girls,The Kid Laroi,https://i.scdn.co/image/ab67616d0000b273c8af7237bb25ad59488944c1
Gloria (Feat. Sza),Kendrick Lamar,https://i.scdn.co/image/ab67616d0000b27309d6ed214f03fbb663e46531
Gloria (With Sza),Kendrick Lamar,https://i.scdn.co/image/ab67616d0000b273d9985092cd88bffd97653b58
"Gnx (Feat. Hitta J3, Youngthreat, Peysoh)",Kendrick Lamar,https://i.scdn.co/image/ab67616d0000b27309d6ed214f03fbb663e46531
God'S Country,Travis Scott,https://i.scdn.co/image/ab67616d0000b273881d8d8378cd01099babcd44
Goes Without Saying (Feat. Brad Paisley),Post Malone,https://i.scdn.co/image/ab67616d0000b27388208159b1b3c69eefdeb2e0
Golden Hour,Jvke,https://i.scdn.co/image/ab67616d0000b273c2504e80ba2f258697ab2954
Good (Don'T Die),"Kanye West, Ty Dolla $Ign",https://i.scdn.co/image/ab67616d0000b2735f4d67e6c3d62045e72d3775
Good Graces,Sabrina Carpenter,https://i.scdn.co/image/ab67616d0000b273208dc3669313f2c5114c612d
"Good Luck, Babe!",Chappell Roan,https://i.scdn.co/image/ab67616d0000b27391b4bc7c88d91a42e0f3a8b7
Gracias Por Nada,Bad Bunny,https://i.scdn.co/image/ab67616d0000b2737b1fc51ff3257b5286a1ecec
Greedy,Tate Mcrae,https://i.scdn.co/image/ab67616d0000b27322fd802bc61db666c7c81aa8
Gta,"Future, Metro Boomin",https://i.scdn.co/image/ab67616d0000b273a46b07c291e6dfdee13b3ee8
Gucci Grocery Bag,Young Thug,https://i.scdn.co/image/ab67616d0000b273777850f1e77fd525fc6a782f
Guess Featuring Billie Eilish,"Billie Eilish, Charli Xcx",https://i.scdn.co/image/ab67616d0000b2738b8d8be49f9c4a44b0574144
Guilty As Sin?,Taylor Swift,https://i.scdn.co/image/ab67616d0000b2735076e4160d018e378f488c33
Guilty Conscience 2,Eminem,https://i.scdn.co/image/ab67616d0000b2731633c43b5695735f7de36487
Guy For That (Feat. Luke Combs),"Luke Combs, Post Malone",https://i.scdn.co/image/ab67616d0000b27340f1c739f1afe06578b62515
H.Y.B. (Feat. Bas & Central Cee),J. Cole,https://i.scdn.co/image/ab67616d0000b273b5e99d6177971707e6cd04f5
Habits,Eminem,https://i.scdn.co/image/ab67616d0000b2731633c43b5695735f7de36487
Happy Holiday / The Holiday Season,Andy Williams,https://i.scdn.co/image/ab67616d0000b273585897779cf3591ba0f07650
Happy Xmas (War Is Over) - Remastered 2010,John Lennon,https://i.scdn.co/image/ab67616d0000b27361a389971d7842d02b0623ab
Harley Quinn,Fuerza Regida,https://i.scdn.co/image/ab67616d0000b273ad57982065339f7dc2058efe
Haunted (Taylor'S Version),Taylor Swift,https://i.scdn.co/image/ab67616d0000b2730b04da4f224b51ff86e0a481
Have The Heart (Feat. Dolly Parton),Post Malone,https://i.scdn.co/image/ab67616d0000b27388208159b1b3c69eefdeb2e0
Have Yourself A Merry Little Christmas - Remastered 1999,Frank Sinatra,https://i.scdn.co/image/ab67616d0000b27394fd2e614d0862bdd2592594
Head Honcho,Eminem,https://i.scdn.co/image/ab67616d0000b2731633c43b5695735f7de36487
Heading South,Zach Bryan,https://i.scdn.co/image/ab67616d0000b273f9017bcd001d030d46850226
Heart Pt. 6,Kendrick Lamar,https://i.scdn.co/image/ab67616d0000b27309d6ed214f03fbb663e46531
Heartless,Kanye West,https://i.scdn.co/image/ab67616d0000b273346d77e155d854735410ed18
Heather,Conan Gray,https://i.scdn.co/image/ab67616d0000b27388e3cda6d29b2552d4d6bc43
Heavy Is The Crown,Linkin Park,https://i.scdn.co/image/ab67616d0000b2735e2801d58ceb23a9d19308b7
Hellcat Kenny (Feat. Lil Uzi Vert),Young Thug,https://i.scdn.co/image/ab67616d0000b273777850f1e77fd525fc6a782f
Here Comes Santa Claus (Right Down Santa Claus Lane),Elvis Presley,https://i.scdn.co/image/ab67616d0000b273aa509be2dd24fb6c753cf292
Here Comes Santa Claus (Right Down Santa Claus Lane) - 1947 Version,Gene Autry,https://i.scdn.co/image/ab67616d0000b27335e9a6f6a1eded2062526499
Hey Daddy (Daddy'S Home),Usher,https://i.scdn.co/image/ab67616d0000b27386b0c9728ad3ed338eaeea79
Hey Driver (Feat. The War And Treaty),Zach Bryan,https://i.scdn.co/image/ab67616d0000b273e5a25ed08d1e7e0fbb440cef
Hey Jane,"Tyler, The Creator",https://i.scdn.co/image/ab67616d0000b273232374a6a869e62826f3f1f7
Hey Now (Feat. Dody6),Kendrick Lamar,https://i.scdn.co/image/ab67616d0000b27309d6ed214f03fbb663e46531
Hibiki,Bad Bunny,https://i.scdn.co/image/ab67616d0000b2737b1fc51ff3257b5286a1ecec
Hide My Gun (Feat. Hardy),Post Malone,https://i.scdn.co/image/ab67616d0000b27388208159b1b3c69eefdeb2e0
High Road,Zach Bryan,https://i.scdn.co/image/ab67616d0000b2731d28fa5a24b9be266a528af0
High Road (Feat. Jessie Murph),"Jessie Murph, Koe Wetzel",https://i.scdn.co/image/ab67616d0000b2732c44d76ea64d1b5876b44eb3
Hiss,Megan Thee Stallion,https://i.scdn.co/image/ab67616d0000b2739ea288a3dbc316b15cab5ad0
Hits Different,Taylor Swift,https://i.scdn.co/image/ab67616d0000b273fa747621a53c8e2cc436dee0
Holly Jolly Christmas,Michael Bublé,https://i.scdn.co/image/ab67616d0000b27395517befb15ad5d63af701ab
Holy Roller (Feat. Sierra Ferrell),Zach Bryan,https://i.scdn.co/image/ab67616d0000b273e5a25ed08d1e7e0fbb440cef
Home,Good Neighbours,https://i.scdn.co/image/ab67616d0000b27316d1ca78222a4fb506a82211
Hoodrat,"Kanye West, Ty Dolla $Ign",https://i.scdn.co/image/ab67616d0000b2735f4d67e6c3d62045e72d3775
Hot To Go!,Chappell Roan,https://i.scdn.co/image/ab67616d0000b27396fa88fb1789be437d5cb4b6
Houdini,"Dua Lipa, Eminem",https://i.scdn.co/image/ab67616d0000b273001d5706fddc72561f6488af
How Did It End?,Taylor Swift,https://i.scdn.co/image/ab67616d0000b2738ecc33f195df6aa257c39eaa
How Do You Like Me Now?!,Toby Keith,https://i.scdn.co/image/ab67616d0000b273829f42844519e667aa17cbe7
How You Get The Girl (Taylor'S Version),Taylor Swift,https://i.scdn.co/image/ab67616d0000b2735cc1de8fa9b7c2f27af04958
Humble.,Kendrick Lamar,https://i.scdn.co/image/ab67616d0000b2738b52c6b9bc4e43d873869699
Huntin’ Wabbitz,J. Cole,https://i.scdn.co/image/ab67616d0000b273b5e99d6177971707e6cd04f5
Hvn On Earth (With Kodak Black),Lil Tecca,https://i.scdn.co/image/ab67616d0000b273c4e6adea69105e6b6e214b96
Hyaena,Travis Scott,https://i.scdn.co/image/ab67616d0000b273881d8d8378cd01099babcd44
I Ain'T Worried,Onerepublic,https://i.scdn.co/image/ab67616d0000b273ec96e006b8bdfc582610ec13
I Can Do It With A Broken Heart,Taylor Swift,https://i.scdn.co/image/ab67616d0000b2735076e4160d018e378f488c33
I Can Fix Him (No Really I Can),Taylor Swift,https://i.scdn.co/image/ab67616d0000b2735076e4160d018e378f488c33
I Can See You (Taylor’S Version) (From The Vault),Taylor Swift,https://i.scdn.co/image/ab67616d0000b2730b04da4f224b51ff86e0a481
I Gotta,Lil Uzi Vert,https://i.scdn.co/image/ab67616d0000b273a0e7694a73abed7372474d69
I Had Some Help (Feat. Morgan Wallen),"Morgan Wallen, Post Malone",https://i.scdn.co/image/ab67616d0000b27397306976e3eb8aad53b754eb
I Hate It Here,Taylor Swift,https://i.scdn.co/image/ab67616d0000b2738ecc33f195df6aa257c39eaa
I Hope You Find Your Way Home,"Tyler, The Creator",https://i.scdn.co/image/ab67616d0000b273232374a6a869e62826f3f1f7
I Killed You,"Tyler, The Creator",https://i.scdn.co/image/ab67616d0000b273232374a6a869e62826f3f1f7
I Know ?,Travis Scott,https://i.scdn.co/image/ab67616d0000b273881d8d8378cd01099babcd44
I Know Places (Taylor'S Version),Taylor Swift,https://i.scdn.co/image/ab67616d0000b2735cc1de8fa9b7c2f27af04958
I Like The Way You Kiss Me,Artemas,https://i.scdn.co/image/ab67616d0000b273e67611dbbf69a90d0b6cb738
I Look In People'S Windows,Taylor Swift,https://i.scdn.co/image/ab67616d0000b2738ecc33f195df6aa257c39eaa
I Love This Bar,Toby Keith,https://i.scdn.co/image/ab67616d0000b273756a73095c5b7cdf2a8c449b
"I Love You, I'M Sorry",Gracie Abrams,https://i.scdn.co/image/ab67616d0000b2736e2101520787791370f4a96b
I Luv It (Feat. Playboi Carti),"Camila Cabello, Playboi Carti",https://i.scdn.co/image/ab67616d0000b273127aebaf8cc68fa4d07c615f
I Might Say Something Stupid Featuring The 1975 & Jon Hopkins,Charli Xcx,https://i.scdn.co/image/ab67616d0000b27355a1e72ba425c60a02a9bb47
I Remember Everything (Feat. Kacey Musgraves),Zach Bryan,https://i.scdn.co/image/ab67616d0000b273e5a25ed08d1e7e0fbb440cef
I Saw Mommy Kissing Santa Claus,The Jackson 5,https://i.scdn.co/image/ab67616d0000b27308a0fe33e91b991d2c9c9cde
I Want A Hippopotamus For Christmas (Hippo The Hero),Gayla Peevey,https://i.scdn.co/image/ab67616d0000b27315757bbb97b673b118e23871
I Wish I Hated You,Ariana Grande,https://i.scdn.co/image/ab67616d0000b2738b58d20f1b77295730db15b4
I Wish You Would (Taylor'S Version),Taylor Swift,https://i.scdn.co/image/ab67616d0000b2735cc1de8fa9b7c2f27af04958
I'M Shipping Up To Boston,Dropkick Murphys,https://i.scdn.co/image/ab67616d0000b273030915ffa58125ae36f13a6f
Ice Attack,"Future, Metro Boomin",https://i.scdn.co/image/ab67616d0000b273a46b07c291e6dfdee13b3ee8
Idgaf (Feat. Yeat),Drake,https://i.scdn.co/image/ab67616d0000b273931aeb0d63b3e45425bd7310
If U Think I'M Pretty,Artemas,https://i.scdn.co/image/ab67616d0000b273fabe0943f6dd962a792b42a1
Igual Que Un Ángel (With Peso Pluma),Kali Uchis,https://i.scdn.co/image/ab67616d0000b2736b291990c6ae00ab2fe5bfcc
Ii Hands Ii Heaven,Beyoncé,https://i.scdn.co/image/ab67616d0000b2737d673fc006936df22215aee1
Ii Most Wanted,Beyoncé,https://i.scdn.co/image/ab67616d0000b2737d673fc006936df22215aee1
Imgonnagetyouback,Taylor Swift,https://i.scdn.co/image/ab67616d0000b2738ecc33f195df6aa257c39eaa
Imperfect For You,Ariana Grande,https://i.scdn.co/image/ab67616d0000b2738b58d20f1b77295730db15b4
In Your Love,Tyler Childers,https://i.scdn.co/image/ab67616d0000b2734f7360dea464c9674c7d43f5
Innocent (Taylor'S Version),Taylor Swift,https://i.scdn.co/image/ab67616d0000b2730b04da4f224b51ff86e0a481
Intro (End Of The World),Ariana Grande,https://i.scdn.co/image/ab67616d0000b2738b58d20f1b77295730db15b4
Is It Over Now? (Taylor'S Version) (From The Vault),Taylor Swift,https://i.scdn.co/image/ab67616d0000b2735cc1de8fa9b7c2f27af04958
It'S Beginning To Look A Lot Like Christmas,Michael Bublé,https://i.scdn.co/image/ab67616d0000b2732ead7786631d8dd3b59be4f0
It'S Beginning To Look A Lot Like Christmas (With Mitchell Ayres & His Orchestra),Perry Como,https://i.scdn.co/image/ab67616d0000b273d5f598be32d3027b9578ecd6
It'S Five O'Clock Somewhere,Alan Jackson,https://i.scdn.co/image/ab67616d0000b273e620f9d2608c5439e570509f
It'S Getting Hot,Nle Choppa,https://i.scdn.co/image/ab67616d0000b27300dacf29748b5035bf7c2bb5
It'S Ok I'M Ok,Tate Mcrae,https://i.scdn.co/image/ab67616d0000b273cd9a93745f6a7cd54deaab22
It'S The Most Wonderful Time Of The Year,Andy Williams,https://i.scdn.co/image/ab67616d0000b273585897779cf3591ba0f07650
It'S Up (Feat. Young Thug & 21 Savage),Drake,https://i.scdn.co/image/ab67616d0000b273c97cdc490b49fe3854e2dbfd
I’M Just Ken (From Barbie The Album),Ryan Gosling,https://i.scdn.co/image/ab67616d0000b27312b7b6e520d6ac082b520e64
Jake'S Piano - Long Island,Zach Bryan,https://i.scdn.co/image/ab67616d0000b273e5a25ed08d1e7e0fbb440cef
Jennifer’S Body,Ken Carson,https://i.scdn.co/image/ab67616d0000b273bc2fbaa359030887a9a60d7e
Jimmy Cooks (Feat. 21 Savage),Drake,https://i.scdn.co/image/ab67616d0000b2738dc0d801766a5aa6a33cbe37
Jingle Bell Rock,Bobby Helms,https://i.scdn.co/image/ab67616d0000b273fd56f3c7a294f5cfe51c7b17
Jingle Bells - Remastered 1999,Frank Sinatra,https://i.scdn.co/image/ab67616d0000b27394fd2e614d0862bdd2592594
Jolene,Beyoncé,https://i.scdn.co/image/ab67616d0000b2737d673fc006936df22215aee1
Joy To The World,Nat King Cole,https://i.scdn.co/image/ab67616d0000b27330dc6027fd140c7ba68e900c
Judge Judy,"Tyler, The Creator",https://i.scdn.co/image/ab67616d0000b273232374a6a869e62826f3f1f7
Juno,Sabrina Carpenter,https://i.scdn.co/image/ab67616d0000b273208dc3669313f2c5114c612d
Just For Fun,Beyoncé,https://i.scdn.co/image/ab67616d0000b2737d673fc006936df22215aee1
Just Like Me,21 Savage,https://i.scdn.co/image/ab67616d0000b273bbdceba2bf1867d4966d0347
Just Wanna Rock,Lil Uzi Vert,https://i.scdn.co/image/ab67616d0000b2730e34fd68e8ff04e4515eb72a
K-Pop,"Bad Bunny, The Weeknd, Travis Scott",https://i.scdn.co/image/ab67616d0000b273893489768de0c42b4d217b82
Karma,Taylor Swift,https://i.scdn.co/image/ab67616d0000b273bb54dde68cd23e2a268ae0f5
Karma (Feat. Ice Spice),Taylor Swift,https://i.scdn.co/image/ab67616d0000b273fa747621a53c8e2cc436dee0
Kehlani,Jordan Adetunji,https://i.scdn.co/image/ab67616d0000b273f2cd132495d61b0da6a900d2
Keys To My Life,"Kanye West, Ty Dolla $Ign, ¥$",https://i.scdn.co/image/ab67616d0000b2735f4d67e6c3d62045e72d3775
Kill Bill,Sza,https://i.scdn.co/image/ab67616d0000b2730c471c36970b9406233842a5
King,"Kanye West, Ty Dolla $Ign",https://i.scdn.co/image/ab67616d0000b2735f4d67e6c3d62045e72d3775
Knee Deep (Feat. Jimmy Buffett),Zac Brown Band,https://i.scdn.co/image/ab67616d0000b273300dd939c3081ff12fa69284
La Bebe - Remix,"Peso Pluma, Yng Lvcas",https://i.scdn.co/image/ab67616d0000b273a04be3ad7c8c67f4109111a9
La Diabla,Xavi,https://i.scdn.co/image/ab67616d0000b2731501c770de50a22b25d67611
La Durango,"Eslabon Armado, Junior H, Peso Pluma",https://i.scdn.co/image/ab67616d0000b273d8eedd3e32682857322c06d4
La Patrulla,Peso Pluma,https://i.scdn.co/image/ab67616d0000b2732690127e1d6cd0aa35cc353b
La People Ii,"Joel De La P, Peso Pluma, Tito Double P",https://i.scdn.co/image/ab67616d0000b273694b1ae08e866ffaf96f8600
La Víctima,Xavi,https://i.scdn.co/image/ab67616d0000b2730e8dc9720dd03d86627fa54b
Lace It (With Eminem & Benny Blanco),"Benny Blanco, Eminem, Juice Wrld",https://i.scdn.co/image/ab67616d0000b273e05fe4b697132433e6419d08
Lacy,Olivia Rodrigo,https://i.scdn.co/image/ab67616d0000b273e85259a1cae29a8d91f2093d
Lady Gaga,Peso Pluma,https://i.scdn.co/image/ab67616d0000b273e6f540885b43d6f379360b22
Lala,Myke Towers,https://i.scdn.co/image/ab67616d0000b2730656d5ce813ca3cc4b677e05
Last Christmas - Single Version,Wham!,https://i.scdn.co/image/ab67616d0000b2734b68569ae3fdd6fcd0f98615
Last Kiss (Taylor'S Version),Taylor Swift,https://i.scdn.co/image/ab67616d0000b2730b04da4f224b51ff86e0a481
Last Night,Morgan Wallen,https://i.scdn.co/image/ab67616d0000b273705079df9a25a28b452c1fc9
Last Time I Saw You,Nicki Minaj,https://i.scdn.co/image/ab67616d0000b2731d1d4f7a89b4dc815a7c661b
Lavender Haze,Taylor Swift,https://i.scdn.co/image/ab67616d0000b273bb54dde68cd23e2a268ae0f5
Let It Snow! Let It Snow! Let It Snow!,Dean Martin,https://i.scdn.co/image/ab67616d0000b273e359bd02a639a4d01b8241ae
Let It Snow! Let It Snow! Let It Snow! (With The B. Swanson Quartet),Frank Sinatra,https://i.scdn.co/image/ab67616d0000b273df1066335619efa75889bcfc
Let Me Calm Down (Feat. J. Cole),Nicki Minaj,https://i.scdn.co/image/ab67616d0000b273651e1dbc0b5218f2306181a1
Letter To My Brudda,21 Savage,https://i.scdn.co/image/ab67616d0000b273bbdceba2bf1867d4966d0347
Levii'S Jeans,Beyoncé,https://i.scdn.co/image/ab67616d0000b273d9e3a369022053e02b4db2a2
Lie To Girls,Sabrina Carpenter,https://i.scdn.co/image/ab67616d0000b273208dc3669313f2c5114c612d
Lies Lies Lies,Morgan Wallen,https://i.scdn.co/image/ab67616d0000b27337eedb840f9441959db3107e
Light Year (Practice),Lil Uzi Vert,https://i.scdn.co/image/ab67616d0000b2730e4e16d910115fead3e83496
Like Crazy,Jimin,https://i.scdn.co/image/ab67616d0000b2732b46078245d0120690eb560d
Like Him (Feat. Lola Young),"Tyler, The Creator",https://i.scdn.co/image/ab67616d0000b273232374a6a869e62826f3f1f7
Like That,"Future, Metro Boomin",https://i.scdn.co/image/ab67616d0000b273a46b07c291e6dfdee13b3ee8
Lil Boo Thang,Paul Russell,https://i.scdn.co/image/ab67616d0000b273811b8a1d3649f63af1d5fb65
Lil Demon,Future,https://i.scdn.co/image/ab67616d0000b2733a59dbf37246191cbd99a443
Lithonia,Childish Gambino,https://i.scdn.co/image/ab67616d0000b273cb45edeb4ac59ac8e7fc50e3
Little Saint Nick - 1991 Remix,The Beach Boys,https://i.scdn.co/image/ab67616d0000b27308c270b3ef1602ff84ed2c05
Logical,Olivia Rodrigo,https://i.scdn.co/image/ab67616d0000b273e85259a1cae29a8d91f2093d
Loml,Taylor Swift,https://i.scdn.co/image/ab67616d0000b2735076e4160d018e378f488c33
Lonely Road (With Jelly Roll),"Jelly Roll, Mgk",https://i.scdn.co/image/ab67616d0000b2733bce14005c2001c8004208ff
Long Live (Taylor'S Version),Taylor Swift,https://i.scdn.co/image/ab67616d0000b2730b04da4f224b51ff86e0a481
Looove,Travis Scott,https://i.scdn.co/image/ab67616d0000b273881d8d8378cd01099babcd44
Looove (Feat. Kid Cudi),Travis Scott,https://i.scdn.co/image/ab67616d0000b273881d8d8378cd01099babcd44
Los Pits,Bad Bunny,https://i.scdn.co/image/ab67616d0000b2737b1fc51ff3257b5286a1ecec
Lose Control,Teddy Swims,https://i.scdn.co/image/ab67616d0000b2731a0323cc23419360a34a3ace
Losers (Feat. Jelly Roll),Post Malone,https://i.scdn.co/image/ab67616d0000b27388208159b1b3c69eefdeb2e0
Lost Forever,Travis Scott,https://i.scdn.co/image/ab67616d0000b273881d8d8378cd01099babcd44
Lost Forever (Feat. Westside Gunn),Travis Scott,https://i.scdn.co/image/ab67616d0000b273881d8d8378cd01099babcd44
Love Hotel,Leftovermax,https://i.scdn.co/image/ab67616d0000b2731e63de6489803c2b39e7f8e5
Love In This Club (Feat. Young Jeezy),Usher,https://i.scdn.co/image/ab67616d0000b2732bca149ba7dd5e45bf233ac3
Love Is Embarrassing,Olivia Rodrigo,https://i.scdn.co/image/ab67616d0000b273e85259a1cae29a8d91f2093d
Love Somebody,Morgan Wallen,https://i.scdn.co/image/ab67616d0000b2734b86223903ecefaa8df576a4
Lover,Taylor Swift,https://i.scdn.co/image/ab67616d0000b273e787cffec20aa2a396a61647
Lovers Rock,Tv Girl,https://i.scdn.co/image/ab67616d0000b273e1bc1af856b42dd7fdba9f84
Lovin On Me,Jack Harlow,https://i.scdn.co/image/ab67616d0000b273fcf4adae77baba5d0169e8e8
Lucifer,Eminem,https://i.scdn.co/image/ab67616d0000b2731633c43b5695735f7de36487
Lucky Enough (Poem),Zach Bryan,https://i.scdn.co/image/ab67616d0000b273647ad18a07e9e939e399e5a1
Luna,Peso Pluma,https://i.scdn.co/image/ab67616d0000b273e6f540885b43d6f379360b22
Lunch,Billie Eilish,https://i.scdn.co/image/ab67616d0000b27371d62ea7ea8a5be92d3c1f62
Luther (With Sza),Kendrick Lamar,https://i.scdn.co/image/ab67616d0000b27309d6ed214f03fbb663e46531
Lyft Em Up,Lil Uzi Vert,https://i.scdn.co/image/ab67616d0000b2730e4e16d910115fead3e83496
L’Amour De Ma Vie,Billie Eilish,https://i.scdn.co/image/ab67616d0000b27371d62ea7ea8a5be92d3c1f62
M-E-X-I-C-O (Feat. Billy Strings),Post Malone,https://i.scdn.co/image/ab67616d0000b27388208159b1b3c69eefdeb2e0
Ma Meilleure Ennemie (From The Series Arcane League Of Legends),"Arcane, Pomme, Stromae",https://i.scdn.co/image/ab67616d0000b2732aab4ea84f431ad7d92fecbb
Magic Don Juan (Princess Diana),"Future, Metro Boomin",https://i.scdn.co/image/ab67616d0000b273a46b07c291e6dfdee13b3ee8
Magnetic,Illit,https://i.scdn.co/image/ab67616d0000b273f037c5fb9de6c78726cb8e2c
Making The Bed,Olivia Rodrigo,https://i.scdn.co/image/ab67616d0000b273e85259a1cae29a8d91f2093d
"Mama, I’M Sorry",Lil Uzi Vert,https://i.scdn.co/image/ab67616d0000b273a0e7694a73abed7372474d69
Mamaw'S House,Thomas Rhett,https://i.scdn.co/image/ab67616d0000b2736fa1023dd0ba1ee5fccd8d59
Mamushi (Feat. Yuki Chiba),Megan Thee Stallion,https://i.scdn.co/image/ab67616d0000b2732538afd3580d0424bbe28a01
Man At The Garden,Kendrick Lamar,https://i.scdn.co/image/ab67616d0000b27309d6ed214f03fbb663e46531
Margaritaville,Jimmy Buffett,https://i.scdn.co/image/ab67616d0000b2734fdb0337978c7464cdfb1783
Mathematical Disrespect,Lil Mabu,https://i.scdn.co/image/ab67616d0000b273a56e7dc625146a33a712bef4
Mean (Taylor'S Version),Taylor Swift,https://i.scdn.co/image/ab67616d0000b2730b04da4f224b51ff86e0a481
Mechanical Bull,Zach Bryan,https://i.scdn.co/image/ab67616d0000b273647ad18a07e9e939e399e5a1
Meet The Grahams,Kendrick Lamar,https://i.scdn.co/image/ab67616d0000b273ba8b74f6b8523c328be1bdd2
Mele Kalikimaka (Merry Christmas),Bing Crosby,https://i.scdn.co/image/ab67616d0000b2738004cd6b343732b0e1e666f5
Meltdown,Travis Scott,https://i.scdn.co/image/ab67616d0000b273881d8d8378cd01099babcd44
Meltdown (Feat. Drake),Travis Scott,https://i.scdn.co/image/ab67616d0000b273881d8d8378cd01099babcd44
Members Only (Feat. Partynextdoor),Drake,https://i.scdn.co/image/ab67616d0000b273931aeb0d63b3e45425bd7310
Memphis; The Blues (Feat. John Moreland),Zach Bryan,https://i.scdn.co/image/ab67616d0000b273647ad18a07e9e939e399e5a1
Mercedes Carota,Bad Bunny,https://i.scdn.co/image/ab67616d0000b2737b1fc51ff3257b5286a1ecec
Meteor Man,Lil Uzi Vert,https://i.scdn.co/image/ab67616d0000b2730e4e16d910115fead3e83496
Mi Ex Tenía Razón,Karol G,https://i.scdn.co/image/ab67616d0000b273d026bf9d7780f6a1267b4d03
Million Dollar Baby,Tommy Richman,https://i.scdn.co/image/ab67616d0000b2739351aad679d6cb885a02510e
Million Dollar Baby (Vhs),Tommy Richman,https://i.scdn.co/image/ab67616d0000b2739351aad679d6cb885a02510e
Mine (Taylor'S Version),Taylor Swift,https://i.scdn.co/image/ab67616d0000b2730b04da4f224b51ff86e0a481
Misses,Dominic Fike,https://i.scdn.co/image/ab67616d0000b273abdde781e79a44868914e661
Missin’ You Like This (Feat. Luke Combs),Post Malone,https://i.scdn.co/image/ab67616d0000b27388208159b1b3c69eefdeb2e0
Mistletoe,Justin Bieber,https://i.scdn.co/image/ab67616d0000b273af0aff7f601df9ed6d2d531d
Mistletoe And Holly - Remastered 1999,Frank Sinatra,https://i.scdn.co/image/ab67616d0000b27394fd2e614d0862bdd2592594
Mmhmm,Bigxthaplug,https://i.scdn.co/image/ab67616d0000b2739afbbc313ea008b68cc5f40d
Modern Jam,Travis Scott,https://i.scdn.co/image/ab67616d0000b273881d8d8378cd01099babcd44
Modern Jam (Feat. Teezo Touchdown),Travis Scott,https://i.scdn.co/image/ab67616d0000b273881d8d8378cd01099babcd44
Mojabi Ghost,Tainy,https://i.scdn.co/image/ab67616d0000b273de7b9af78fbdda96c5a0635b
Monaco,Bad Bunny,https://i.scdn.co/image/ab67616d0000b2737b1fc51ff3257b5286a1ecec
Money On The Dresser,Young Thug,https://i.scdn.co/image/ab67616d0000b273777850f1e77fd525fc6a782f
Money Trees,Kendrick Lamar,https://i.scdn.co/image/ab67616d0000b273d28d2ebdedb220e479743797
Monster Mash,"Bobby ""Boris"" Pickett, The Crypt-Kickers",https://i.scdn.co/image/ab67616d0000b273edf6710f9c0cd81e37fcaf3d
Moonlight,Kali Uchis,https://i.scdn.co/image/ab67616d0000b27381fccd758776d16b87721b17
Mourning,Post Malone,https://i.scdn.co/image/ab67616d0000b2736e9e05bbdd7988ae66e0b898
Mr Chow,Lil Uzi Vert,https://i.scdn.co/image/ab67616d0000b2730e4e16d910115fead3e83496
Mr. Brightside,The Killers,https://i.scdn.co/image/ab67616d0000b273ccdddd46119a4ff53eaf1f5d
Mr. October,Bad Bunny,https://i.scdn.co/image/ab67616d0000b2737b1fc51ff3257b5286a1ecec
Murder On The Dancefloor,Sophie Ellis-Bextor,https://i.scdn.co/image/ab67616d0000b273b736151ed1c04f2d41d5f69e
My Boo,Usher,https://i.scdn.co/image/ab67616d0000b273365b3fb800c19f7ff72602da
My Boy Only Breaks His Favorite Toys,Taylor Swift,https://i.scdn.co/image/ab67616d0000b2735076e4160d018e378f488c33
My Eyes,Travis Scott,https://i.scdn.co/image/ab67616d0000b273881d8d8378cd01099babcd44
My House,Beyoncé,https://i.scdn.co/image/ab67616d0000b2730e05818e7479f703c800a3ff
My Love Mine All Mine,Mitski,https://i.scdn.co/image/ab67616d0000b27334f21d3047d85440dfa37f10
My Rose,Beyoncé,https://i.scdn.co/image/ab67616d0000b2737d673fc006936df22215aee1
N.H.I.E.,21 Savage,https://i.scdn.co/image/ab67616d0000b273bbdceba2bf1867d4966d0347
Nadie Sabe,Bad Bunny,https://i.scdn.co/image/ab67616d0000b2737b1fc51ff3257b5286a1ecec
Nakamura,Lil Uzi Vert,https://i.scdn.co/image/ab67616d0000b273a0e7694a73abed7372474d69
Needle (Feat. Drake),Nicki Minaj,https://i.scdn.co/image/ab67616d0000b273651e1dbc0b5218f2306181a1
Nel,Fuerza Regida,https://i.scdn.co/image/ab67616d0000b273369abe8c52c2c6ec50caa1db
Neva Play (Feat. Rm Of Bts),"Megan Thee Stallion, Rm",https://i.scdn.co/image/ab67616d0000b27397f8107c251479168c7d87db
Never Grow Up (Taylor'S Version),Taylor Swift,https://i.scdn.co/image/ab67616d0000b2730b04da4f224b51ff86e0a481
Never Lose Me,Flo Milli,https://i.scdn.co/image/ab67616d0000b2736a17369515a43d96fb18d193
Never Love You Again (Feat. Sierra Ferrell),Post Malone,https://i.scdn.co/image/ab67616d0000b27388208159b1b3c69eefdeb2e0
New Drop,Don Toliver,https://i.scdn.co/image/ab67616d0000b273c800e1a4a237cf8f085183c5
New Jeans,Newjeans,https://i.scdn.co/image/ab67616d0000b2733d98a0ae7c78a3a9babaf8af
New Romantics,Taylor Swift,https://i.scdn.co/image/ab67616d0000b273332d85510aba3eb28312cfb2
New Romantics (Taylor'S Version),Taylor Swift,https://i.scdn.co/image/ab67616d0000b2735cc1de8fa9b7c2f27af04958
New Year’S Day,Taylor Swift,https://i.scdn.co/image/ab67616d0000b273da5d5aeeabacacc1263c0f4b
Night Changes,One Direction,https://i.scdn.co/image/ab67616d0000b273d304ba2d71de306812eebaf4
Nights Like This,The Kid Laroi,https://i.scdn.co/image/ab67616d0000b2732abb30c6296964d5d07458c2
Nine Ball,Zach Bryan,https://i.scdn.co/image/ab67616d0000b2732ebcfb3e92f937a1a4cc16f0
No Complaints,Noah Kahan,https://i.scdn.co/image/ab67616d0000b27365a472d8326d4571bf725422
No Face,Drake,https://i.scdn.co/image/ab67616d0000b273cf05fc616cf7e38c0e52b888
No Me Quiero Casar,Bad Bunny,https://i.scdn.co/image/ab67616d0000b2737b1fc51ff3257b5286a1ecec
No One Noticed,The Marías,https://i.scdn.co/image/ab67616d0000b2734d070fdf58fad8c54c5beb85
No One Noticed (Extended English),The Marías,https://i.scdn.co/image/ab67616d0000b273930087aba0907f1b0f291230
No Pole,Don Toliver,https://i.scdn.co/image/ab67616d0000b273f5e27c2aa0b110c2b6611577
No Role Modelz,J. Cole,https://i.scdn.co/image/ab67616d0000b273c6e0948bbb0681ff29cdbae8
Noid,"Tyler, The Creator",https://i.scdn.co/image/ab67616d0000b273dc620428d6bbc305cd43c19b
Nonsense,Sabrina Carpenter,https://i.scdn.co/image/ab67616d0000b273700f7bf79c9f063ad0362bdf
Northern Attitude (With Hozier),"Hozier, Noah Kahan",https://i.scdn.co/image/ab67616d0000b273030dc4208e26478832531bd4
Nosedive (Feat. Lainey Wilson),Post Malone,https://i.scdn.co/image/ab67616d0000b27388208159b1b3c69eefdeb2e0
Not Allowed,Tv Girl,https://i.scdn.co/image/ab67616d0000b27332f5fec7a879ed6ef28f0dfd
Not An Option,Lil Uzi Vert,https://i.scdn.co/image/ab67616d0000b2730e4e16d910115fead3e83496
Not Like Us,Kendrick Lamar,https://i.scdn.co/image/ab67616d0000b2731ea0c62b2339cbf493a999ad
Novacandy,Post Malone,https://i.scdn.co/image/ab67616d0000b27371cae34ad5a39bdab78af13e
Now And Then,The Beatles,https://i.scdn.co/image/ab67616d0000b273ccf24b5f25d58914b1321357
Now That We Don'T Talk (Taylor'S Version) (From The Vault),Taylor Swift,https://i.scdn.co/image/ab67616d0000b2735cc1de8fa9b7c2f27af04958
Née-Nah,21 Savage,https://i.scdn.co/image/ab67616d0000b273bbdceba2bf1867d4966d0347
Oak Island,Zach Bryan,https://i.scdn.co/image/ab67616d0000b273647ad18a07e9e939e399e5a1
Obsessed,Olivia Rodrigo,https://i.scdn.co/image/ab67616d0000b2734063d624ebf8ff67bc3701ee
Ocean,Future,https://i.scdn.co/image/ab67616d0000b2733a59dbf37246191cbd99a443
Of Course (Bonus Track),Lil Uzi Vert,https://i.scdn.co/image/ab67616d0000b273a0e7694a73abed7372474d69
Oh Louisiana,Beyoncé,https://i.scdn.co/image/ab67616d0000b2737d673fc006936df22215aee1
Oh U Went (Feat. Drake),Young Thug,https://i.scdn.co/image/ab67616d0000b273777850f1e77fd525fc6a782f
Oklahoman Son,Zach Bryan,https://i.scdn.co/image/ab67616d0000b273e5a25ed08d1e7e0fbb440cef
On One Tonight,Gunna,https://i.scdn.co/image/ab67616d0000b273c67636f3021f5869095c0fc5
On The Radar Freestyle,"Central Cee, Drake",https://i.scdn.co/image/ab67616d0000b2737f028c5cb134c02ee497eaf6
One Call,Rich Amiri,https://i.scdn.co/image/ab67616d0000b2732c2ada65af543cc22f7676d2
"One Of The Girls (With Jennie, Lily Rose Depp)","Jennie, Lily-Rose Depp, The Weeknd",https://i.scdn.co/image/ab67616d0000b273b0dd6a5cd1dec96c4119c262
One Of Wun,Gunna,https://i.scdn.co/image/ab67616d0000b273c67636f3021f5869095c0fc5
One Of Your Girls,Troye Sivan,https://i.scdn.co/image/ab67616d0000b27367103283a4eb57578a428252
One Thing At A Time,Morgan Wallen,https://i.scdn.co/image/ab67616d0000b273705079df9a25a28b452c1fc9
Or What,Nle Choppa,https://i.scdn.co/image/ab67616d0000b273fb769724a2ee34b9f4ba1c76
Ordinary Things (Feat. Nonna),Ariana Grande,https://i.scdn.co/image/ab67616d0000b273c75a14e746ffe2030e8cd5da
Ours (Taylor’S Version),Taylor Swift,https://i.scdn.co/image/ab67616d0000b2730b04da4f224b51ff86e0a481
Out Of My Hands,"Future, Metro Boomin",https://i.scdn.co/image/ab67616d0000b273962afebc072a661242cda591
Out Of The Woods,Taylor Swift,https://i.scdn.co/image/ab67616d0000b2739abdf14e6058bd3903686148
Out Of The Woods (Taylor'S Version),Taylor Swift,https://i.scdn.co/image/ab67616d0000b2735cc1de8fa9b7c2f27af04958
Overcompensate,Twenty One Pilots,https://i.scdn.co/image/ab67616d0000b273d1e9c8027e794228dc35ad26
Overdrive,Post Malone,https://i.scdn.co/image/ab67616d0000b27372694fed173af6d24d22eefb
Overtime,Zach Bryan,https://i.scdn.co/image/ab67616d0000b273e5a25ed08d1e7e0fbb440cef
Paars In The Mars,Lil Uzi Vert,https://i.scdn.co/image/ab67616d0000b2730e4e16d910115fead3e83496
Paid,"Kanye West, Ty Dolla $Ign, ¥$",https://i.scdn.co/image/ab67616d0000b2735f4d67e6c3d62045e72d3775
Paint The Town Red,Doja Cat,https://i.scdn.co/image/ab67616d0000b2737acee948ecac8380c1b6ce30
Paperwork,"Kanye West, Ty Dolla $Ign, ¥$",https://i.scdn.co/image/ab67616d0000b2735f4d67e6c3d62045e72d3775
Parade On Cleveland (Feat. Drake),Young Thug,https://i.scdn.co/image/ab67616d0000b273777850f1e77fd525fc6a782f
Parasail,Travis Scott,https://i.scdn.co/image/ab67616d0000b273881d8d8378cd01099babcd44
Parasail (Feat. Yung Lean & Dave Chappelle),Travis Scott,https://i.scdn.co/image/ab67616d0000b273881d8d8378cd01099babcd44
Parking Lot,"Mustard, Travis Scott",https://i.scdn.co/image/ab67616d0000b273ed7aec46f10da07bb4927874
Party In The U.S.A.,Miley Cyrus,https://i.scdn.co/image/ab67616d0000b273d6c3ad6a2a27471e1d5e8103
Patience (Feat. Don Toliver),Lil Uzi Vert,https://i.scdn.co/image/ab67616d0000b273644ef53fe49b7e71eed1689b
Paul Revere,Noah Kahan,https://i.scdn.co/image/ab67616d0000b27365a472d8326d4571bf725422
Peekaboo (Feat. Azchike),Kendrick Lamar,https://i.scdn.co/image/ab67616d0000b27309d6ed214f03fbb663e46531
Pelle Coat,Lil Durk,https://i.scdn.co/image/ab67616d0000b2736234c2c6d4bb935839ac4719
Perro Negro,Bad Bunny,https://i.scdn.co/image/ab67616d0000b2737b1fc51ff3257b5286a1ecec
"Peso Pluma: Bzrp Music Sessions, Vol. 55","Bizarrap, Peso Pluma",https://i.scdn.co/image/ab67616d0000b27315583045b2fdb7d7bab10e81
Peter,Taylor Swift,https://i.scdn.co/image/ab67616d0000b2738ecc33f195df6aa257c39eaa
Pi (Feat. Daylyt & Ab-Soul),J. Cole,https://i.scdn.co/image/ab67616d0000b273b5e99d6177971707e6cd04f5
Pink + White,Frank Ocean,https://i.scdn.co/image/ab67616d0000b273c5649add07ed3720be9d5526
Pink Pony Club,Chappell Roan,https://i.scdn.co/image/ab67616d0000b27396fa88fb1789be437d5cb4b6
Pink Skies,Zach Bryan,https://i.scdn.co/image/ab67616d0000b2731a2c9ac2d39bc5c2e22b9555
Please Come Home For Christmas - 2013 Remaster,Eagles,https://i.scdn.co/image/ab67616d0000b2736d4362a2b2e39422000f8ed3
Please Please Please,Sabrina Carpenter,https://i.scdn.co/image/ab67616d0000b273de84adf0e48248ea2d769c3e
Pluto To Mars,Lil Uzi Vert,https://i.scdn.co/image/ab67616d0000b273a0e7694a73abed7372474d69
Plutoski,Future,https://i.scdn.co/image/ab67616d0000b2733a59dbf37246191cbd99a443
Polar Opposites,Drake,https://i.scdn.co/image/ab67616d0000b273931aeb0d63b3e45425bd7310
Pop Ur Shit,21 Savage,https://i.scdn.co/image/ab67616d0000b273bbdceba2bf1867d4966d0347
Popular,"Ariana Grande, Cynthia Erivo, Wicked Movie Cast",https://i.scdn.co/image/ab67616d0000b27341ded89391c5350f6b8f991c
Popular (With Playboi Carti & Madonna),"Madonna, Playboi Carti, The Weeknd",https://i.scdn.co/image/ab67616d0000b273eac1ac267dc90bc625535a57
Popular (With Playboi Carti & Madonna) - From The Idol Vol. 1 (Music From The Hbo Original Series),"Madonna, The Weeknd",https://i.scdn.co/image/ab67616d0000b2734c8f092adc59b4bf4212389d
Popular (With Playboi Carti & Madonna) - Music From The Hbo Original Series,"Madonna, The Weeknd",https://i.scdn.co/image/ab67616d0000b2734c8f092adc59b4bf4212389d
Popular (With Playboi Carti & Madonna) - The Idol Vol. 1 (Music From The Hbo Original Series),"Madonna, Playboi Carti, The Weeknd",https://i.scdn.co/image/ab67616d0000b273eac1ac267dc90bc625535a57
Por Las Noches,Peso Pluma,https://i.scdn.co/image/ab67616d0000b273427d9aa38866b43ed45f6b0c
Pour Me A Drink (Feat. Blake Shelton),"Blake Shelton, Post Malone",https://i.scdn.co/image/ab67616d0000b2730e6e0f5fad0f7419d873acba
Praise Jah In The Moonlight,Yg Marley,https://i.scdn.co/image/ab67616d0000b273672db804db16b0dd95ecf572
Prc,"Natanael Cano, Peso Pluma",https://i.scdn.co/image/ab67616d0000b2737be314e2f66a9f7ee732395e
Press The Button,Future,https://i.scdn.co/image/ab67616d0000b2733a59dbf37246191cbd99a443
Pretty Isn’T Pretty,Olivia Rodrigo,https://i.scdn.co/image/ab67616d0000b273e85259a1cae29a8d91f2093d
"Pricey (Feat. Ari Lennox, Young Dro & Gucci Mane)",J. Cole,https://i.scdn.co/image/ab67616d0000b273b5e99d6177971707e6cd04f5
Princess Diana (With Nicki Minaj),"Ice Spice, Nicki Minaj",https://i.scdn.co/image/ab67616d0000b2735dd17b2860b2a79d9dda8ec3
Problematic,"Kanye West, Ty Dolla $Ign",https://i.scdn.co/image/ab67616d0000b2735f4d67e6c3d62045e72d3775
Promotion,"Kanye West, Ty Dolla $Ign, ¥$",https://i.scdn.co/image/ab67616d0000b273b323e81b41c797a4784abc02
Protector,Beyoncé,https://i.scdn.co/image/ab67616d0000b2737d673fc006936df22215aee1
Prove It,21 Savage,https://i.scdn.co/image/ab67616d0000b273bbdceba2bf1867d4966d0347
Psycho Killer - 2005 Remaster,Talking Heads,https://i.scdn.co/image/ab67616d0000b273e71708b667804f6241dd1a59
Purple Gas,Zach Bryan,https://i.scdn.co/image/ab67616d0000b273647ad18a07e9e939e399e5a1
Push Ups,Drake,https://i.scdn.co/image/ab67616d0000b27384bfd0d363f0179ac7c97fa5
Qlona,Karol G,https://i.scdn.co/image/ab67616d0000b273d026bf9d7780f6a1267b4d03
Que Onda,"Calle 24, Chino Pacas, Fuerza Regida",https://i.scdn.co/image/ab67616d0000b273c069abd6ab0ed961aa7b2d39
Qué Pasaría...,Rauw Alejandro,https://i.scdn.co/image/ab67616d0000b273ed432d7df981360768dd5856
Rah Tah Tah,"Tyler, The Creator",https://i.scdn.co/image/ab67616d0000b273232374a6a869e62826f3f1f7
Ready To Cook Up,Future,https://i.scdn.co/image/ab67616d0000b2733a59dbf37246191cbd99a443
Ready ‘24 (Feat. Cam’Ron),J. Cole,https://i.scdn.co/image/ab67616d0000b273b5e99d6177971707e6cd04f5
Red Button,Drake,https://i.scdn.co/image/ab67616d0000b273e286ee36b4015afa8832356a
Red Leather,"Future, Metro Boomin",https://i.scdn.co/image/ab67616d0000b273962afebc072a661242cda591
Red Sky,21 Savage,https://i.scdn.co/image/ab67616d0000b273bbdceba2bf1867d4966d0347
Red Wine Supernova,Chappell Roan,https://i.scdn.co/image/ab67616d0000b27396fa88fb1789be437d5cb4b6
Redrum,21 Savage,https://i.scdn.co/image/ab67616d0000b273bbdceba2bf1867d4966d0347
Rehab,Lil Uzi Vert,https://i.scdn.co/image/ab67616d0000b273a0e7694a73abed7372474d69
Reincarnated,Kendrick Lamar,https://i.scdn.co/image/ab67616d0000b27309d6ed214f03fbb663e46531
Religiously,Bailey Zimmerman,https://i.scdn.co/image/ab67616d0000b2730c5d03daf39f254bb546cf3a
Reloj,Peso Pluma,https://i.scdn.co/image/ab67616d0000b2732690127e1d6cd0aa35cc353b
Renaissance,Eminem,https://i.scdn.co/image/ab67616d0000b2731633c43b5695735f7de36487
Rich Baby Daddy (Feat. Sexyy Red & Sza),Drake,https://i.scdn.co/image/ab67616d0000b273931aeb0d63b3e45425bd7310
Rich Flex,"21 Savage, Drake",https://i.scdn.co/image/ab67616d0000b27302854a7060fccc1a66a4b5ad
Rich Girl,"Daryl Hall, John Oates",https://i.scdn.co/image/ab67616d0000b2733ebc5b9d8942069d3b920550
Rich Men North Of Richmond,Oliver Anthony Music,https://i.scdn.co/image/ab67616d0000b273f842f028c8716c62bbd7c57a
Riiverdance,Beyoncé,https://i.scdn.co/image/ab67616d0000b273d9e3a369022053e02b4db2a2
Road Rage,Eminem,https://i.scdn.co/image/ab67616d0000b2731633c43b5695735f7de36487
Robin,Taylor Swift,https://i.scdn.co/image/ab67616d0000b2738ecc33f195df6aa257c39eaa
Rockin' Around The Christmas Tree,Brenda Lee,https://i.scdn.co/image/ab67616d0000b2737845f74d6db14b400fa61cd3
Romantic Homicide,D4Vd,https://i.scdn.co/image/ab67616d0000b273bd1a52b3d5903ee01c216da0
Rompe La Dompe,"Junior H, Oscar Maydon, Peso Pluma",https://i.scdn.co/image/ab67616d0000b273a7a330bed7c3b2217e3be9a8
Rosa Pastel,Peso Pluma,https://i.scdn.co/image/ab67616d0000b273e6f540885b43d6f379360b22
Rudolph The Red-Nosed Reindeer,Burl Ives,https://i.scdn.co/image/ab67616d0000b273efe2a536761d4f8e8401ae62
Run For The Hills,Tate Mcrae,https://i.scdn.co/image/ab67616d0000b27377eb7a5b9367de79c3b92a49
Run Rudolph Run,Chuck Berry,https://i.scdn.co/image/ab67616d0000b27339807cff601735a3dec9e24c
Runnin Outta Time,"Future, Metro Boomin",https://i.scdn.co/image/ab67616d0000b273a46b07c291e6dfdee13b3ee8
Rush,Troye Sivan,https://i.scdn.co/image/ab67616d0000b273a4ffb2049ffce92bdae5f559
S91,Karol G,https://i.scdn.co/image/ab67616d0000b273d026bf9d7780f6a1267b4d03
Sabor Fresa,Fuerza Regida,https://i.scdn.co/image/ab67616d0000b273cfe3eb72c48b93971e53efd9
Sailor Song,Gigi Perez,https://i.scdn.co/image/ab67616d0000b2730f588c6bdb28000656d084bf
Santa Baby (With Henri René & His Orchestra),Eartha Kitt,https://i.scdn.co/image/ab67616d0000b273cfbcba7cc35a40e08e5aff67
"Santa Claus Is Comin' To Town - Live At C.W. Post College, Greenvale, Ny - December 1975",Bruce Springsteen,https://i.scdn.co/image/ab67616d0000b2736a68798b2ac41fde44823eb5
Santa Claus Is Coming To Town,The Jackson 5,https://i.scdn.co/image/ab67616d0000b27308a0fe33e91b991d2c9c9cde
Santa Tell Me,Ariana Grande,https://i.scdn.co/image/ab67616d0000b273a1db745e63940bc06985dea5
Santa Tell Me - Naughty Version,Ariana Grande,https://i.scdn.co/image/ab67616d0000b2737597b1f8b6368c1a79e15e4c
"Santa, Can’T You Hear Me",Kelly Clarkson,https://i.scdn.co/image/ab67616d0000b2731fa667a7a53c7072fed91a17
Sarah'S Place (Feat. Noah Kahan),"Noah Kahan, Zach Bryan",https://i.scdn.co/image/ab67616d0000b2730b3ac7a6645b0fa75df2d9d8
Saturn,Sza,https://i.scdn.co/image/ab67616d0000b273d70916ee9e40c90380ba5f07
Saturn Returns Interlude,Ariana Grande,https://i.scdn.co/image/ab67616d0000b2738b58d20f1b77295730db15b4
Say Don'T Go (Taylor'S Version) (From The Vault),Taylor Swift,https://i.scdn.co/image/ab67616d0000b2735cc1de8fa9b7c2f27af04958
Say My Grace (Feat. Travis Scott),Offset,https://i.scdn.co/image/ab67616d0000b2738473cdc72d9c6f9a2787e070
Say Yes To Heaven,Lana Del Rey,https://i.scdn.co/image/ab67616d0000b273aa27708d07f49c82ff0d0dae
Scared Of My Guitar,Olivia Rodrigo,https://i.scdn.co/image/ab67616d0000b2734063d624ebf8ff67bc3701ee
Scared To Start,Michael Marcagi,https://i.scdn.co/image/ab67616d0000b27351ef67c49732e45cd2b26fbe
Screw The World - Interlude,Drake,https://i.scdn.co/image/ab67616d0000b273931aeb0d63b3e45425bd7310
Search & Rescue,Drake,https://i.scdn.co/image/ab67616d0000b273cace8a4b2ff924c9e12e3a96
Seda,Bad Bunny,https://i.scdn.co/image/ab67616d0000b2737b1fc51ff3257b5286a1ecec
See The Real,21 Savage,https://i.scdn.co/image/ab67616d0000b273bbdceba2bf1867d4966d0347
See You Again (Feat. Kali Uchis),"Tyler, The Creator",https://i.scdn.co/image/ab67616d0000b2738940ac99f49e44f59e6f7fb3
Seen It All,"Future, Metro Boomin",https://i.scdn.co/image/ab67616d0000b273a46b07c291e6dfdee13b3ee8
Self Love (Spider-Man: Across The Spider-Verse) (Metro Boomin & Coi Leray),Metro Boomin,https://i.scdn.co/image/ab67616d0000b2736ed9aef791159496b286179f
Selfish,Justin Timberlake,https://i.scdn.co/image/ab67616d0000b273da6090501a3b5467e6f715e6
September,"Earth, Wind, Fire, Sped Up + Slowed",https://i.scdn.co/image/ab67616d0000b2730faf2fc17446651865ce2282
Seven (Feat. Latto) (Explicit Ver.),"Bts, Jung Kook, Latto",https://i.scdn.co/image/ab67616d0000b273bf5cce5a0e1ed03a626bdd74
Shake It Off,Taylor Swift,https://i.scdn.co/image/ab67616d0000b2739abdf14e6058bd3903686148
Shake It Off (Taylor'S Version),Taylor Swift,https://i.scdn.co/image/ab67616d0000b2735cc1de8fa9b7c2f27af04958
Sharpest Tool,Sabrina Carpenter,https://i.scdn.co/image/ab67616d0000b273208dc3669313f2c5114c612d
She Calls Me Back (With Kacey Musgraves),"Kacey Musgraves, Noah Kahan",https://i.scdn.co/image/ab67616d0000b2738ce18810688179c3f983dc98
She Stank,Lil Uzi Vert,https://i.scdn.co/image/ab67616d0000b2730e4e16d910115fead3e83496
Should'Ve Been A Cowboy,Toby Keith,https://i.scdn.co/image/ab67616d0000b2739b3b9e4898eb80d8d8cbab8a
Should'Ve Wore A Bonnet,21 Savage,https://i.scdn.co/image/ab67616d0000b273bbdceba2bf1867d4966d0347
Shut Up My Moms Calling,Hotel Ugly,https://i.scdn.co/image/ab67616d0000b273350ab7a839c04bfd5225a9f5
Si Antes Te Hubiera Conocido,Karol G,https://i.scdn.co/image/ab67616d0000b273491678beaffcefac517a699e
Si No Quieres No,"Luis R Conriquez, Neton Vega",https://i.scdn.co/image/ab67616d0000b2735c7365ca8cfaf7d80136c656
Sign Me Up,Post Malone,https://i.scdn.co/image/ab67616d0000b27371cae34ad5a39bdab78af13e
Single Soon,Selena Gomez,https://i.scdn.co/image/ab67616d0000b273fabd32dd9cefca8714c0ed41
Sirens,Travis Scott,https://i.scdn.co/image/ab67616d0000b273881d8d8378cd01099babcd44
Ski,Future,https://i.scdn.co/image/ab67616d0000b2733a59dbf37246191cbd99a443
Skin And Bones,David Kushner,https://i.scdn.co/image/ab67616d0000b2737477dee67505773a1ead0759
Skinny,Billie Eilish,https://i.scdn.co/image/ab67616d0000b27371d62ea7ea8a5be92d3c1f62
Skitzo,Travis Scott,https://i.scdn.co/image/ab67616d0000b273881d8d8378cd01099babcd44
Skitzo (Feat. Young Thug),Travis Scott,https://i.scdn.co/image/ab67616d0000b273881d8d8378cd01099babcd44
Sleigh Ride,The Ronettes,https://i.scdn.co/image/ab67616d0000b2731f0d5a8ff630fd5944c3936d
Slide,"Kanye West, Ty Dolla $Ign, ¥$",https://i.scdn.co/image/ab67616d0000b273b323e81b41c797a4784abc02
Slim Pickins,Sabrina Carpenter,https://i.scdn.co/image/ab67616d0000b273208dc3669313f2c5114c612d
Slime You Out (Feat. Sza),"Drake, Sza",https://i.scdn.co/image/ab67616d0000b2733b2df9103b8b1bad69ec4aa9
Slimed In,"Future, Metro Boomin",https://i.scdn.co/image/ab67616d0000b273a46b07c291e6dfdee13b3ee8
Slow It Down,Benson Boone,https://i.scdn.co/image/ab67616d0000b27358a805653814fe88327d3a62
Slut Me Out,Nle Choppa,https://i.scdn.co/image/ab67616d0000b273e61ba4af2bb90a4d414da1dc
Smaller Acts,Zach Bryan,https://i.scdn.co/image/ab67616d0000b273e5a25ed08d1e7e0fbb440cef
Smeraldo Garden Marching Band (Feat. Loco),"Jimin, Loco",https://i.scdn.co/image/ab67616d0000b27338881a83135ef5b4ace418ba
Smoke Hour ★ Willie Nelson,Beyoncé,https://i.scdn.co/image/ab67616d0000b2737d673fc006936df22215aee1
Sneaky,21 Savage,https://i.scdn.co/image/ab67616d0000b273bbdceba2bf1867d4966d0347
Snooze,Sza,https://i.scdn.co/image/ab67616d0000b27370dbc9f47669d120ad874ec1
Snooze (Acoustic) (Feat. Justin Bieber),"Justin Bieber, Sza",https://i.scdn.co/image/ab67616d0000b2734f68e7b4b983953a0f188447
Snow On The Beach (Feat. More Lana Del Rey),Taylor Swift,https://i.scdn.co/image/ab67616d0000b273fa747621a53c8e2cc436dee0
Snowman,Sia,https://i.scdn.co/image/ab67616d0000b273d1410c1372fab1e516328fa8
So American,Olivia Rodrigo,https://i.scdn.co/image/ab67616d0000b2734063d624ebf8ff67bc3701ee
So High School,Taylor Swift,https://i.scdn.co/image/ab67616d0000b2738ecc33f195df6aa257c39eaa
"So Long, London",Taylor Swift,https://i.scdn.co/image/ab67616d0000b2735076e4160d018e378f488c33
Somebody Save Me,Eminem,https://i.scdn.co/image/ab67616d0000b2731633c43b5695735f7de36487
Somebody'S Watching Me - Single Version,Rockwell,https://i.scdn.co/image/ab67616d0000b2733b6773d6e0df6eedefb20190
Something In The Orange,Zach Bryan,https://i.scdn.co/image/ab67616d0000b273b2b6670e3aca9bcd55fbabbb
Something Real,Post Malone,https://i.scdn.co/image/ab67616d0000b27371cae34ad5a39bdab78af13e
Spaghettii,Beyoncé,https://i.scdn.co/image/ab67616d0000b273d9e3a369022053e02b4db2a2
Sparks Fly (Taylor’S Version),Taylor Swift,https://i.scdn.co/image/ab67616d0000b2730b04da4f224b51ff86e0a481
Speak Now (Taylor'S Version),Taylor Swift,https://i.scdn.co/image/ab67616d0000b2730b04da4f224b51ff86e0a481
Speed Drive (From Barbie The Album),Charli Xcx,https://i.scdn.co/image/ab67616d0000b273cd6f4f3b7d178e0a8b963da1
Spin Again,Lil Uzi Vert,https://i.scdn.co/image/ab67616d0000b273a0e7694a73abed7372474d69
Spin You Around (1/24),Morgan Wallen,https://i.scdn.co/image/ab67616d0000b27379663e938af7d4dc153da554
"Spooky, Scary Skeletons - Undead Tombstone Remix",Andrew Gold,https://i.scdn.co/image/ab67616d0000b273a3cf7d524baed9e303302918
Spotless (Feat. The Lumineers),Zach Bryan,https://i.scdn.co/image/ab67616d0000b273e5a25ed08d1e7e0fbb440cef
Squabble Up,Kendrick Lamar,https://i.scdn.co/image/ab67616d0000b27309d6ed214f03fbb663e46531
St. Chroma (Feat. Daniel Caesar),"Tyler, The Creator",https://i.scdn.co/image/ab67616d0000b273232374a6a869e62826f3f1f7
Stand By Me (Feat. Morgan Wallen),Lil Durk,https://i.scdn.co/image/ab67616d0000b2736234c2c6d4bb935839ac4719
Standing Next To You,Jung Kook,https://i.scdn.co/image/ab67616d0000b273741fd4807f442af3f7359316
Stargazing,Myles Smith,https://i.scdn.co/image/ab67616d0000b27381b12e1a0584e8ea7ba2ae4a
Stars,"Kanye West, Ty Dolla $Ign, ¥$",https://i.scdn.co/image/ab67616d0000b2735f4d67e6c3d62045e72d3775
Stealth Mode (Feat. Bas),J. Cole,https://i.scdn.co/image/ab67616d0000b273b5e99d6177971707e6cd04f5
Stick Season,Noah Kahan,https://i.scdn.co/image/ab67616d0000b2736ee35072df1af802cca09918
"Sticky (Feat. Glorilla, Sexyy Red & Lil Wayne)","Tyler, The Creator",https://i.scdn.co/image/ab67616d0000b273232374a6a869e62826f3f1f7
Stickz N Stonez,J. Cole,https://i.scdn.co/image/ab67616d0000b273b5e99d6177971707e6cd04f5
Stories About My Brother,Drake,https://i.scdn.co/image/ab67616d0000b273e286ee36b4015afa8832356a
Story Of My Life,One Direction,https://i.scdn.co/image/ab67616d0000b2732f76b797c382bedcafdf45e1
Stranger,Olivia Rodrigo,https://i.scdn.co/image/ab67616d0000b2734063d624ebf8ff67bc3701ee
Strangers,Kenya Grace,https://i.scdn.co/image/ab67616d0000b2734756c2e9ae436437cd75e9f3
Style,Taylor Swift,https://i.scdn.co/image/ab67616d0000b2739abdf14e6058bd3903686148
Style (Taylor'S Version),Taylor Swift,https://i.scdn.co/image/ab67616d0000b2735cc1de8fa9b7c2f27af04958
Suburban Legends (Taylor'S Version) (From The Vault),Taylor Swift,https://i.scdn.co/image/ab67616d0000b2735cc1de8fa9b7c2f27af04958
Suicide Doors,Lil Uzi Vert,https://i.scdn.co/image/ab67616d0000b273a0e7694a73abed7372474d69
Summertime'S Close,Zach Bryan,https://i.scdn.co/image/ab67616d0000b273e5a25ed08d1e7e0fbb440cef
Sun To Me,Zach Bryan,https://i.scdn.co/image/ab67616d0000b273ba30859a1ca79c5a372d177a
Sunflower - Spider-Man: Into The Spider-Verse,Post Malone,https://i.scdn.co/image/ab67616d0000b2739478c87599550dd73bfa7e02
Super Freak,Rick James,https://i.scdn.co/image/ab67616d0000b27317f9e7e7784ed40b223e261c
Super Shy,Newjeans,https://i.scdn.co/image/ab67616d0000b2733d98a0ae7c78a3a9babaf8af
Superhero (Heroes & Villains) [With Future & Chris Brown],Metro Boomin,https://i.scdn.co/image/ab67616d0000b27313e54d6687e65678d60466c2
Superman (Taylor’S Version),Taylor Swift,https://i.scdn.co/image/ab67616d0000b2730b04da4f224b51ff86e0a481
Supernatural,Ariana Grande,https://i.scdn.co/image/ab67616d0000b2738b58d20f1b77295730db15b4
Sure Thing,Miguel,https://i.scdn.co/image/ab67616d0000b273d5a8395b0d80b8c48a5d851c
Surround Sound (Feat. 21 Savage & Baby Tate),Jid,https://i.scdn.co/image/ab67616d0000b273cae6e44dcc84e2035c3ad092
Sweater Weather,The Neighbourhood,https://i.scdn.co/image/ab67616d0000b2738265a736a1eb838ad5a0b921
Sweet Dreams,Koe Wetzel,https://i.scdn.co/image/ab67616d0000b273fb93ee916e08b144553c4196
Sweet Home Alabama,Lynyrd Skynyrd,https://i.scdn.co/image/ab67616d0000b27317e1907923e91181f38290ac
Sweet ★ Honey ★ Buckiin',Beyoncé,https://i.scdn.co/image/ab67616d0000b273d9e3a369022053e02b4db2a2
Sympathy Is A Knife Featuring Ariana Grande,Charli Xcx,https://i.scdn.co/image/ab67616d0000b27355a1e72ba425c60a02a9bb47
"Take Me Home, Country Roads",John Denver,https://i.scdn.co/image/ab67616d0000b273a19cee952b6dae128d68f116
Take Two,Bts,https://i.scdn.co/image/ab67616d0000b2738a701e76e8845928f6cd81c8
Take Your Mask Off (Feat. Daniel Caesar & Latoiya Williams),"Tyler, The Creator",https://i.scdn.co/image/ab67616d0000b273232374a6a869e62826f3f1f7
Talk Talk Featuring Troye Sivan,"Charli Xcx, Troye Sivan",https://i.scdn.co/image/ab67616d0000b2732b1f99c9521ed87357dcc246
Talking,"Kanye West, Ty Dolla $Ign, ¥$",https://i.scdn.co/image/ab67616d0000b2735f4d67e6c3d62045e72d3775
Talking / Once Again,"Kanye West, Ty Dolla $Ign, ¥$",https://i.scdn.co/image/ab67616d0000b273f46fd5c5d0320b37ca8feefa
Taste,Sabrina Carpenter,https://i.scdn.co/image/ab67616d0000b273208dc3669313f2c5114c612d
Teenage Dream,Olivia Rodrigo,https://i.scdn.co/image/ab67616d0000b273e85259a1cae29a8d91f2093d
Teflon Don,Future,https://i.scdn.co/image/ab67616d0000b2733a59dbf37246191cbd99a443
Telefono Nuevo,Bad Bunny,https://i.scdn.co/image/ab67616d0000b2737b1fc51ff3257b5286a1ecec
Telekinesis,Travis Scott,https://i.scdn.co/image/ab67616d0000b273881d8d8378cd01099babcd44
Telekinesis (Feat. Sza & Future),Travis Scott,https://i.scdn.co/image/ab67616d0000b273881d8d8378cd01099babcd44
Tell Ur Girlfriend,Lay Bankz,https://i.scdn.co/image/ab67616d0000b273a8dbff429bc95d3af651fe08
Temporary,Eminem,https://i.scdn.co/image/ab67616d0000b2731633c43b5695735f7de36487
Texas Hold 'Em,Beyoncé,https://i.scdn.co/image/ab67616d0000b27349188fe723e4734b391f5162
Tgif,Glorilla,https://i.scdn.co/image/ab67616d0000b273083fbaed50f66e8849b264cc
Thank God,Travis Scott,https://i.scdn.co/image/ab67616d0000b273881d8d8378cd01099babcd44
Thank You Aimee,Taylor Swift,https://i.scdn.co/image/ab67616d0000b2738ecc33f195df6aa257c39eaa
That Fiya,Lil Uzi Vert,https://i.scdn.co/image/ab67616d0000b273a0e7694a73abed7372474d69
That’S So True,Gracie Abrams,https://i.scdn.co/image/ab67616d0000b2731dac3694b3289cd903cb3acf
The Addams Family,Andrew Gold,https://i.scdn.co/image/ab67616d0000b273a27520a763055c625e1f2be8
The Albatross,Taylor Swift,https://i.scdn.co/image/ab67616d0000b2738ecc33f195df6aa257c39eaa
The Alchemy,Taylor Swift,https://i.scdn.co/image/ab67616d0000b2735076e4160d018e378f488c33
The Black Dog,Taylor Swift,https://i.scdn.co/image/ab67616d0000b2738ecc33f195df6aa257c39eaa
The Bolter,Taylor Swift,https://i.scdn.co/image/ab67616d0000b2738ecc33f195df6aa257c39eaa
The Boy Is Mine,Ariana Grande,https://i.scdn.co/image/ab67616d0000b2738b58d20f1b77295730db15b4
The Christmas Song (Merry Christmas To You),Nat King Cole,https://i.scdn.co/image/ab67616d0000b27330dc6027fd140c7ba68e900c
The Diner,Billie Eilish,https://i.scdn.co/image/ab67616d0000b27371d62ea7ea8a5be92d3c1f62
The Emptiness Machine,Linkin Park,https://i.scdn.co/image/ab67616d0000b273c0db065619ed208515412917
The End (Feat. Babymetal),Lil Uzi Vert,https://i.scdn.co/image/ab67616d0000b273644ef53fe49b7e71eed1689b
"The Girl, So Confusing Version With Lorde","Charli Xcx, Lorde",https://i.scdn.co/image/ab67616d0000b273b03b9403d0422a575ad4a872
The Great American Bar Scene,Zach Bryan,https://i.scdn.co/image/ab67616d0000b273647ad18a07e9e939e399e5a1
The Greatest,Billie Eilish,https://i.scdn.co/image/ab67616d0000b27371d62ea7ea8a5be92d3c1f62
The Grudge,Olivia Rodrigo,https://i.scdn.co/image/ab67616d0000b273e85259a1cae29a8d91f2093d
The Kind Of Love We Make,Luke Combs,https://i.scdn.co/image/ab67616d0000b27387459a563f92e336d282ca59
The Man He Sees In Me,Luke Combs,https://i.scdn.co/image/ab67616d0000b273682a4647f8cba6d4e10f9285
The Manuscript,Taylor Swift,https://i.scdn.co/image/ab67616d0000b2738ecc33f195df6aa257c39eaa
The Prophecy,Taylor Swift,https://i.scdn.co/image/ab67616d0000b2738ecc33f195df6aa257c39eaa
The Rush (Feat. Big Time Rush),Lil Uzi Vert,https://i.scdn.co/image/ab67616d0000b2730e4e16d910115fead3e83496
The Shoe Fits,Drake,https://i.scdn.co/image/ab67616d0000b273e286ee36b4015afa8832356a
The Smallest Man Who Ever Lived,Taylor Swift,https://i.scdn.co/image/ab67616d0000b2735076e4160d018e378f488c33
The Story Of Us (Taylor'S Version),Taylor Swift,https://i.scdn.co/image/ab67616d0000b2730b04da4f224b51ff86e0a481
The Thin Grey Line,$Uicideboy$,https://i.scdn.co/image/ab67616d0000b27335d777c5fa4a353b87ad62bd
The Tortured Poets Department,Taylor Swift,https://i.scdn.co/image/ab67616d0000b2735076e4160d018e378f488c33
The Way Back,Zach Bryan,https://i.scdn.co/image/ab67616d0000b273647ad18a07e9e939e399e5a1
Thick Of It (Feat. Trippie Redd),"Ksi, Trippie Redd",https://i.scdn.co/image/ab67616d0000b2734b8b52a487c842534619501a
Think U The Shit (Fart),Ice Spice,https://i.scdn.co/image/ab67616d0000b27316028dc1a1bc9ff0fc661ea6
Thinkin Bout You,Frank Ocean,https://i.scdn.co/image/ab67616d0000b2737aede4855f6d0d738012e2e5
Thinkin’ Bout Me,Morgan Wallen,https://i.scdn.co/image/ab67616d0000b273705079df9a25a28b452c1fc9
This Christmas,Donny Hathaway,https://i.scdn.co/image/ab67616d0000b273e0ebc1dc512103af0b79055a
This Is Halloween,Various Artists,https://i.scdn.co/image/ab67616d0000b273ff2684642c23615f628260ba
This Love (Taylor’S Version),Taylor Swift,https://i.scdn.co/image/ab67616d0000b2735cc1de8fa9b7c2f27af04958
This World'S A Giant,Zach Bryan,https://i.scdn.co/image/ab67616d0000b2737265724a877fd13c73b4ec59
Thought I Was Dead (Feat. Schoolboy Q & Santigold),"Tyler, The Creator",https://i.scdn.co/image/ab67616d0000b273232374a6a869e62826f3f1f7
Thriller,Michael Jackson,https://i.scdn.co/image/ab67616d0000b273de437d960dda1ac0a3586d97
Thriller - 2003 Edit,Michael Jackson,https://i.scdn.co/image/ab67616d0000b27386a14b2986ff774e8e6e3341
Thunder Y Lightning,Bad Bunny,https://i.scdn.co/image/ab67616d0000b2737b1fc51ff3257b5286a1ecec
Ticking,Zach Bryan,https://i.scdn.co/image/ab67616d0000b273e5a25ed08d1e7e0fbb440cef
Til Further Notice,Travis Scott,https://i.scdn.co/image/ab67616d0000b273881d8d8378cd01099babcd44
Til Further Notice (Feat. James Blake & 21 Savage),Travis Scott,https://i.scdn.co/image/ab67616d0000b273881d8d8378cd01099babcd44
Timeless (Taylor’S Version) (From The Vault),Taylor Swift,https://i.scdn.co/image/ab67616d0000b2730b04da4f224b51ff86e0a481
Timeless (With Playboi Carti),"Playboi Carti, The Weeknd",https://i.scdn.co/image/ab67616d0000b273ee2fe4a7b285d3817b470859
Tobey (Feat. Big Sean And Babytron),"Babytron, Big Sean, Eminem",https://i.scdn.co/image/ab67616d0000b273133d7c014b5bec0d7eea09b7
Tomorrow,"Tyler, The Creator",https://i.scdn.co/image/ab67616d0000b273232374a6a869e62826f3f1f7
Too Cool To Die,Post Malone,https://i.scdn.co/image/ab67616d0000b27371cae34ad5a39bdab78af13e
Too Fast,Future,https://i.scdn.co/image/ab67616d0000b2733a59dbf37246191cbd99a443
Too Much,"Central Cee, Jung Kook, The Kid Laroi",https://i.scdn.co/image/ab67616d0000b273389e41e5096b6112ce0e1008
Too Sweet,Hozier,https://i.scdn.co/image/ab67616d0000b273a5aab55aa65e5f6bd19564a2
Topia Twins,Travis Scott,https://i.scdn.co/image/ab67616d0000b273881d8d8378cd01099babcd44
Topia Twins (Feat. Rob49 & 21 Savage),Travis Scott,https://i.scdn.co/image/ab67616d0000b273881d8d8378cd01099babcd44
Total Eclipse Of The Heart,Bonnie Tyler,https://i.scdn.co/image/ab67616d0000b2738cefe8e2f2cfd63ce073fa96
Tough,"Lana Del Rey, Quavo",https://i.scdn.co/image/ab67616d0000b273e1a7ec3a606b52b7328d3e78
Tourniquet,Zach Bryan,https://i.scdn.co/image/ab67616d0000b273e5a25ed08d1e7e0fbb440cef
Tqg,Karol G,https://i.scdn.co/image/ab67616d0000b27382de1ca074ae63cb18fce335
Tqm,Fuerza Regida,https://i.scdn.co/image/ab67616d0000b273832ea5d2f8c10f95fc3cc66d
Tradesman,Zach Bryan,https://i.scdn.co/image/ab67616d0000b273e5a25ed08d1e7e0fbb440cef
Trae The Truth In Ibiza,J. Cole,https://i.scdn.co/image/ab67616d0000b273b5e99d6177971707e6cd04f5
Training Season,Dua Lipa,https://i.scdn.co/image/ab67616d0000b273ee2b330471d2bdd56ff22ccd
Trance (With Travis Scott & Young Thug),Metro Boomin,https://i.scdn.co/image/ab67616d0000b27313e54d6687e65678d60466c2
Tried Our Best,Drake,https://i.scdn.co/image/ab67616d0000b273931aeb0d63b3e45425bd7310
Trouble,Eminem,https://i.scdn.co/image/ab67616d0000b2731633c43b5695735f7de36487
True Story,Ariana Grande,https://i.scdn.co/image/ab67616d0000b2738b58d20f1b77295730db15b4
Try That In A Small Town,Jason Aldean,https://i.scdn.co/image/ab67616d0000b2737a923648d57e28c37a37080e
Tu Boda,"Fuerza Regida, Oscar Maydon",https://i.scdn.co/image/ab67616d0000b273b51d9a74d356d785cce9dea9
Tulum,Peso Pluma,https://i.scdn.co/image/ab67616d0000b273a8eae36188b69461a8ec6508
Turks & Caicos (Feat. 21 Savage),Rod Wave,https://i.scdn.co/image/ab67616d0000b273bbf846cc2675b6baabc42000
Tv,Billie Eilish,https://i.scdn.co/image/ab67616d0000b2737a4781629469bb83356cd318
Tv Off (Feat. Lefty Gunplay),Kendrick Lamar,https://i.scdn.co/image/ab67616d0000b27309d6ed214f03fbb663e46531
Two Faced,Linkin Park,https://i.scdn.co/image/ab67616d0000b273b11a5489e8cb11dd22b930a0
Type Shit,"Future, Metro Boomin",https://i.scdn.co/image/ab67616d0000b273a46b07c291e6dfdee13b3ee8
Tyrant,Beyoncé,https://i.scdn.co/image/ab67616d0000b2737d673fc006936df22215aee1
Tú Con Él,Rauw Alejandro,https://i.scdn.co/image/ab67616d0000b273ed432d7df981360768dd5856
Un Preview,Bad Bunny,https://i.scdn.co/image/ab67616d0000b273c1156c6f6dedd4b9bdf89428
Un X100To,"Bad Bunny, Grupo Frontera",https://i.scdn.co/image/ab67616d0000b273716c0b0ad51594ff788b5f06
Una Noche En Medellín - Remix,Karol G,https://i.scdn.co/image/ab67616d0000b273d026bf9d7780f6a1267b4d03
Una Velita,Bad Bunny,https://i.scdn.co/image/ab67616d0000b273eb5efee120bead72cefb2f0d
Uncle M,Young Thug,https://i.scdn.co/image/ab67616d0000b273777850f1e77fd525fc6a782f
Underneath The Tree,Kelly Clarkson,https://i.scdn.co/image/ab67616d0000b273f54a315f1d2445791fe601a7
Us. (Feat. Taylor Swift),Gracie Abrams,https://i.scdn.co/image/ab67616d0000b2736e2101520787791370f4a96b
Used To Be Young,Miley Cyrus,https://i.scdn.co/image/ab67616d0000b273cd222052a2594be29a6616b5
Vampire,Olivia Rodrigo,https://i.scdn.co/image/ab67616d0000b2731e5e75dc1d878a0007cb6525
Virginia Beach,Drake,https://i.scdn.co/image/ab67616d0000b273931aeb0d63b3e45425bd7310
Vou 787,Bad Bunny,https://i.scdn.co/image/ab67616d0000b2737b1fc51ff3257b5286a1ecec
Vuelve Candy B,Bad Bunny,https://i.scdn.co/image/ab67616d0000b2737b1fc51ff3257b5286a1ecec
Vultures,"Kanye West, Ty Dolla $Ign, ¥$",https://i.scdn.co/image/ab67616d0000b273a7d9b15d628214a9f99bc651
Vvs,Peso Pluma,https://i.scdn.co/image/ab67616d0000b273e6f540885b43d6f379360b22
Wacced Out Murals,Kendrick Lamar,https://i.scdn.co/image/ab67616d0000b27309d6ed214f03fbb663e46531
Wagon Wheel,Darius Rucker,https://i.scdn.co/image/ab67616d0000b2733c814f8afa852904e9db8a9f
Wanna Be (With Megan Thee Stallion),Glorilla,https://i.scdn.co/image/ab67616d0000b273bd9951bb4c9813bc540bde1d
Want Me Dead (Feat. 21 Savage),Young Thug,https://i.scdn.co/image/ab67616d0000b273777850f1e77fd525fc6a782f
War Bout It (Feat. 21 Savage),Lil Durk,https://i.scdn.co/image/ab67616d0000b2736234c2c6d4bb935839ac4719
Wasted On You,Morgan Wallen,https://i.scdn.co/image/ab67616d0000b2737d6813fd233f3bc4977cceca
Watch This - Arizonatears Pluggnb Remix,"Arizonatears, Lil Uzi Vert, Sped Up Nightcore",https://i.scdn.co/image/ab67616d0000b2731e28b92ccb915b5307a7eb02
Water,Tyla,https://i.scdn.co/image/ab67616d0000b273d20231861e86a6f74ef2393e
We Can'T Be Friends (Wait For Your Love),Ariana Grande,https://i.scdn.co/image/ab67616d0000b273c75a14e746ffe2030e8cd5da
We Don'T Trust You,"Future, Metro Boomin",https://i.scdn.co/image/ab67616d0000b273a46b07c291e6dfdee13b3ee8
We Fell In Love In October,Girl In Red,https://i.scdn.co/image/ab67616d0000b273d6839051c4760457e1a60b2a
We Found Love,Rihanna,https://i.scdn.co/image/ab67616d0000b273bef074de9ca825bddaeb9f46
We Good,Lil Uzi Vert,https://i.scdn.co/image/ab67616d0000b2730e4e16d910115fead3e83496
We Still Don'T Trust You,"Future, Metro Boomin",https://i.scdn.co/image/ab67616d0000b273962afebc072a661242cda591
Welcome To New York (Taylor'S Version),Taylor Swift,https://i.scdn.co/image/ab67616d0000b2735cc1de8fa9b7c2f27af04958
Werewolf (Feat. Bring Me The Horizon),Lil Uzi Vert,https://i.scdn.co/image/ab67616d0000b273a0e7694a73abed7372474d69
What Don'T Belong To Me,Post Malone,https://i.scdn.co/image/ab67616d0000b27388208159b1b3c69eefdeb2e0
What Is This Feeling?,"Ariana Grande, Cynthia Erivo, Wicked Movie Cast",https://i.scdn.co/image/ab67616d0000b27341ded89391c5350f6b8f991c
"What Was I Made For? [From The Motion Picture ""Barbie""]",Billie Eilish,https://i.scdn.co/image/ab67616d0000b273ed317ec13d3de9e01fb99c9e
What Would Pluto Do,Drake,https://i.scdn.co/image/ab67616d0000b273931aeb0d63b3e45425bd7310
Whatchu Kno About Me (Feat. Sexyy Red),Glorilla,https://i.scdn.co/image/ab67616d0000b273083fbaed50f66e8849b264cc
Whatever She Wants,Bryson Tiller,https://i.scdn.co/image/ab67616d0000b2731aba7b448d35bd576ceac182
Whatever She Wants [Bonus],Bryson Tiller,https://i.scdn.co/image/ab67616d0000b2735b7314bd0c9cab582954878a
When Emma Falls In Love (Taylor’S Version) (From The Vault),Taylor Swift,https://i.scdn.co/image/ab67616d0000b2730b04da4f224b51ff86e0a481
When It Rains It Pours,Luke Combs,https://i.scdn.co/image/ab67616d0000b273b7578013decfa174e30dc298
Where She Goes,Bad Bunny,https://i.scdn.co/image/ab67616d0000b273ab5c9cd818ad6ed3e9b79cd1
Where The Wild Things Are,Luke Combs,https://i.scdn.co/image/ab67616d0000b273ca650d3a95022e0490434ba1
Whiskey Glasses,Morgan Wallen,https://i.scdn.co/image/ab67616d0000b273f9f2dda2df2a695b9bad3440
Whiskey Whiskey (Feat. Morgan Wallen),Moneybagg Yo,https://i.scdn.co/image/ab67616d0000b27323f68790c67fdd51ecd87f2f
White Christmas - 1947 Version,"Bing Crosby, Fred Astaire",https://i.scdn.co/image/ab67616d0000b273481bb0db1e8bd0c7104368a4
White Horse,Chris Stapleton,https://i.scdn.co/image/ab67616d0000b273de2e30cf7205b45a0ba3877f
Who,Jimin,https://i.scdn.co/image/ab67616d0000b273f02c451189a709b9a952aaec
Who Told You (Feat. Drake),"Drake, J Hus",https://i.scdn.co/image/ab67616d0000b273f6aca6a7d4132d9b2d15e0f0
Who’S Afraid Of Little Old Me?,Taylor Swift,https://i.scdn.co/image/ab67616d0000b2735076e4160d018e378f488c33
Wick Man,Drake,https://i.scdn.co/image/ab67616d0000b273e286ee36b4015afa8832356a
Wild Ones (Feat. Jelly Roll),"Jelly Roll, Jessie Murph",https://i.scdn.co/image/ab67616d0000b27314408503d0bb34c929cdc2b3
Wildest Dreams (Taylor'S Version),Taylor Swift,https://i.scdn.co/image/ab67616d0000b2735cc1de8fa9b7c2f27af04958
Wildflower,Billie Eilish,https://i.scdn.co/image/ab67616d0000b27371d62ea7ea8a5be92d3c1f62
Wildflower And Barley (Feat. Allison Russell),Hozier,https://i.scdn.co/image/ab67616d0000b273a5aab55aa65e5f6bd19564a2
Wind Up Missin’ You,Tucker Wetmore,https://i.scdn.co/image/ab67616d0000b2733362305b18e2568ec03a77b7
Winter Wonderland - Remastered,Bing Crosby,https://i.scdn.co/image/ab67616d0000b2733d244ec7290d5b2249556c5f
Winter Wonderland - Spotify Singles Holiday,Laufey,https://i.scdn.co/image/ab67616d0000b273d16831527ee5c1edd9327b78
"Wit Da Racks (Feat. 21 Savage, Travis Scott & Yak Gotti)",Young Thug,https://i.scdn.co/image/ab67616d0000b273777850f1e77fd525fc6a782f
Wonderful Christmastime - Edited Version / Remastered 2011,Paul Mccartney,https://i.scdn.co/image/ab67616d0000b2733cef016d13d82873d45af84a
Wonderland (Taylor'S Version),Taylor Swift,https://i.scdn.co/image/ab67616d0000b2735cc1de8fa9b7c2f27af04958
World Tour (Aquafina),Juice Wrld,https://i.scdn.co/image/ab67616d0000b273ed1cc06f375a38c942c0c3e5
Wrong Ones (Feat. Tim Mcgraw),Post Malone,https://i.scdn.co/image/ab67616d0000b27388208159b1b3c69eefdeb2e0
Wtfym,"Future, Metro Boomin",https://i.scdn.co/image/ab67616d0000b273a46b07c291e6dfdee13b3ee8
X2,Lil Uzi Vert,https://i.scdn.co/image/ab67616d0000b273a0e7694a73abed7372474d69
Ya Ya,Beyoncé,https://i.scdn.co/image/ab67616d0000b273d9e3a369022053e02b4db2a2
Yeah Glo!,Glorilla,https://i.scdn.co/image/ab67616d0000b273bd9951bb4c9813bc540bde1d
Yeah! (Feat. Lil Jon & Ludacris),Usher,https://i.scdn.co/image/ab67616d0000b273365b3fb800c19f7ff72602da
"Yes, And?",Ariana Grande,https://i.scdn.co/image/ab67616d0000b2736b0b6e20fdb1ee07de7e92d6
You Are In Love (Taylor'S Version),Taylor Swift,https://i.scdn.co/image/ab67616d0000b2735cc1de8fa9b7c2f27af04958
You Broke My Heart,Drake,https://i.scdn.co/image/ab67616d0000b273e286ee36b4015afa8832356a
You Look Like You Love Me (Feat. Riley Green),"Ella Langley, Riley Green",https://i.scdn.co/image/ab67616d0000b27398ec50a022a61a0286f0be1c
You Proof,Morgan Wallen,https://i.scdn.co/image/ab67616d0000b273705079df9a25a28b452c1fc9
You Should Probably Leave,Chris Stapleton,https://i.scdn.co/image/ab67616d0000b2739408342067e2ff50d69a3c98
Young Metro,"Future, Metro Boomin",https://i.scdn.co/image/ab67616d0000b273a46b07c291e6dfdee13b3ee8
"Your Needs, My Needs",Noah Kahan,https://i.scdn.co/image/ab67616d0000b27365a472d8326d4571bf725422
Yours,Post Malone,https://i.scdn.co/image/ab67616d0000b27388208159b1b3c69eefdeb2e0
You’Re Gonna Go Far,Noah Kahan,https://i.scdn.co/image/ab67616d0000b27365a472d8326d4571bf725422
You’Re Losing Me (From The Vault),Taylor Swift,https://i.scdn.co/image/ab67616d0000b2734fe1868aa6838eb595f3673a
Zoom (Bonus Track),Lil Uzi Vert,https://i.scdn.co/image/ab67616d0000b273a0e7694a73abed7372474d69
